#pragma once
/*
    #version:1# (machine generated, don't edit!)

    Generated by sokol-shdc (https://github.com/floooh/sokol-tools)

    Cmdline:
        sokol-shdc --input shaders/shape.glsl --output shaders/shape_glsl.h --slang glsl430:hlsl5:metal_macos:glsl300es

    Overview:
    =========
    Shader program: 'shape':
        Get shader desc: shape_shader_desc(sg_query_backend());
        Vertex Shader: vs
        Fragment Shader: fs
        Attributes:
            ATTR_shape_pos => 0
    Bindings:
        Uniform block 'vs_params':
            C struct: vs_params_t
            Bind slot: UB_vs_params => 0
        Uniform block 'fs_params':
            C struct: fs_params_t
            Bind slot: UB_fs_params => 1
*/
#if !defined(SOKOL_GFX_INCLUDED)
#error "Please include sokol_gfx.h before shape_glsl.h"
#endif
#if !defined(SOKOL_SHDC_ALIGN)
#if defined(_MSC_VER)
#define SOKOL_SHDC_ALIGN(a) __declspec(align(a))
#else
#define SOKOL_SHDC_ALIGN(a) __attribute__((aligned(a)))
#endif
#endif
#define ATTR_shape_pos (0)
#define UB_vs_params (0)
#define UB_fs_params (1)
#pragma pack(push,1)
SOKOL_SHDC_ALIGN(16) typedef struct vs_params_t {
    p5_mat4 mvp;
    p5_vec2 position;
    p5_vec2 size;
    p5_vec2 screen_size;
    uint8_t _pad_88[8];
} vs_params_t;
#pragma pack(pop)
#pragma pack(push,1)
SOKOL_SHDC_ALIGN(16) typedef struct fs_params_t {
    p5_vec4 fill_color;
    p5_vec4 stroke_color;
    float smoothness;
    float stroke_width;
    int shape_type;
    float corner_radius;
    p5_vec2 quad_skew;
    uint8_t _pad_56[8];
} fs_params_t;
#pragma pack(pop)
/*
    #version 430

    uniform vec4 vs_params[6];
    layout(location = 0) in vec2 pos;
    layout(location = 0) out vec2 uv;

    void main()
    {
        vec2 _38 = ((fma(pos, vs_params[4].zw, vs_params[4].xy) / vs_params[5].xy) * 2.0) - vec2(1.0);
        gl_Position = vec4(_38.x, -_38.y, 0.0, 1.0);
        uv = pos;
    }

*/
static const uint8_t vs_source_glsl430[290] = {
    0x23,0x76,0x65,0x72,0x73,0x69,0x6f,0x6e,0x20,0x34,0x33,0x30,0x0a,0x0a,0x75,0x6e,
    0x69,0x66,0x6f,0x72,0x6d,0x20,0x76,0x65,0x63,0x34,0x20,0x76,0x73,0x5f,0x70,0x61,
    0x72,0x61,0x6d,0x73,0x5b,0x36,0x5d,0x3b,0x0a,0x6c,0x61,0x79,0x6f,0x75,0x74,0x28,
    0x6c,0x6f,0x63,0x61,0x74,0x69,0x6f,0x6e,0x20,0x3d,0x20,0x30,0x29,0x20,0x69,0x6e,
    0x20,0x76,0x65,0x63,0x32,0x20,0x70,0x6f,0x73,0x3b,0x0a,0x6c,0x61,0x79,0x6f,0x75,
    0x74,0x28,0x6c,0x6f,0x63,0x61,0x74,0x69,0x6f,0x6e,0x20,0x3d,0x20,0x30,0x29,0x20,
    0x6f,0x75,0x74,0x20,0x76,0x65,0x63,0x32,0x20,0x75,0x76,0x3b,0x0a,0x0a,0x76,0x6f,
    0x69,0x64,0x20,0x6d,0x61,0x69,0x6e,0x28,0x29,0x0a,0x7b,0x0a,0x20,0x20,0x20,0x20,
    0x76,0x65,0x63,0x32,0x20,0x5f,0x33,0x38,0x20,0x3d,0x20,0x28,0x28,0x66,0x6d,0x61,
    0x28,0x70,0x6f,0x73,0x2c,0x20,0x76,0x73,0x5f,0x70,0x61,0x72,0x61,0x6d,0x73,0x5b,
    0x34,0x5d,0x2e,0x7a,0x77,0x2c,0x20,0x76,0x73,0x5f,0x70,0x61,0x72,0x61,0x6d,0x73,
    0x5b,0x34,0x5d,0x2e,0x78,0x79,0x29,0x20,0x2f,0x20,0x76,0x73,0x5f,0x70,0x61,0x72,
    0x61,0x6d,0x73,0x5b,0x35,0x5d,0x2e,0x78,0x79,0x29,0x20,0x2a,0x20,0x32,0x2e,0x30,
    0x29,0x20,0x2d,0x20,0x76,0x65,0x63,0x32,0x28,0x31,0x2e,0x30,0x29,0x3b,0x0a,0x20,
    0x20,0x20,0x20,0x67,0x6c,0x5f,0x50,0x6f,0x73,0x69,0x74,0x69,0x6f,0x6e,0x20,0x3d,
    0x20,0x76,0x65,0x63,0x34,0x28,0x5f,0x33,0x38,0x2e,0x78,0x2c,0x20,0x2d,0x5f,0x33,
    0x38,0x2e,0x79,0x2c,0x20,0x30,0x2e,0x30,0x2c,0x20,0x31,0x2e,0x30,0x29,0x3b,0x0a,
    0x20,0x20,0x20,0x20,0x75,0x76,0x20,0x3d,0x20,0x70,0x6f,0x73,0x3b,0x0a,0x7d,0x0a,
    0x0a,0x00,
};
/*
    #version 430

    struct fs_params
    {
        vec4 fill_color;
        vec4 stroke_color;
        float smoothness;
        float stroke_width;
        int shape_type;
        float corner_radius;
        vec2 quad_skew;
    };

    uniform fs_params _163;

    layout(location = 0) in vec2 uv;
    layout(location = 0) out vec4 frag_color;

    float circle_sdf(vec2 p)
    {
        return length(p) - 1.0;
    }

    float rounded_rect_sdf(vec2 p, vec2 size, float radius)
    {
        vec2 _67 = (abs(p) - size) + vec2(radius);
        return (length(max(_67, vec2(0.0))) + min(max(_67.x, _67.y), 0.0)) - radius;
    }

    float rect_sdf(vec2 p, vec2 size)
    {
        vec2 _42 = abs(p) - size;
        return length(max(_42, vec2(0.0))) + min(max(_42.x, _42.y), 0.0);
    }

    float triangle_sdf(inout vec2 p)
    {
        p.x = abs(p.x) - 1.0;
        p.y += 0.57735025882720947265625;
        if (fma(1.73205077648162841796875, p.y, p.x) > 0.0)
        {
            p = vec2(fma(-1.73205077648162841796875, p.y, p.x), fma(-1.73205077648162841796875, p.x, -p.y)) * vec2(0.5);
        }
        p.x -= clamp(p.x, -2.0, 0.0);
        return (-length(p)) * sign(p.y);
    }

    float quad_sdf(vec2 p, vec2 skew)
    {
        vec2 param = p + vec2(p.y * skew.x, p.x * skew.y);
        vec2 param_1 = vec2(1.0);
        return rect_sdf(param, param_1);
    }

    void main()
    {
        float dist;
        if (_163.shape_type == 0)
        {
            vec2 param = uv;
            dist = circle_sdf(param);
        }
        else
        {
            if (_163.shape_type == 1)
            {
                if (_163.corner_radius > 0.0)
                {
                    vec2 param_1 = uv;
                    vec2 param_2 = vec2(1.0);
                    float param_3 = _163.corner_radius;
                    dist = rounded_rect_sdf(param_1, param_2, param_3);
                }
                else
                {
                    vec2 param_4 = uv;
                    vec2 param_5 = vec2(1.0);
                    dist = rect_sdf(param_4, param_5);
                }
            }
            else
            {
                if (_163.shape_type == 2)
                {
                    vec2 param_6 = uv;
                    float _213 = triangle_sdf(param_6);
                    dist = _213;
                }
                else
                {
                    if (_163.shape_type == 3)
                    {
                        vec2 param_7 = uv;
                        vec2 param_8 = _163.quad_skew;
                        dist = quad_sdf(param_7, param_8);
                    }
                    else
                    {
                        vec2 param_9 = uv;
                        dist = circle_sdf(param_9);
                    }
                }
            }
        }
        float _236 = -_163.smoothness;
        float _241 = 1.0 - smoothstep(_236, _163.smoothness, dist);
        float stroke_alpha = 0.0;
        if (_163.stroke_width > 0.0)
        {
            float _250 = abs(dist);
            stroke_alpha = (1.0 - smoothstep(_236, _163.smoothness, fma(-_163.stroke_width, 0.5, _250))) * (1.0 - smoothstep(_236, _163.smoothness, fma(_163.stroke_width, 0.5, -_250)));
        }
        vec4 _291 = (_163.fill_color * _241) + (_163.stroke_color * stroke_alpha);
        _291.w = clamp(_241 + stroke_alpha, 0.0, 1.0);
        frag_color = _291;
    }

*/
static const uint8_t fs_source_glsl430[3016] = {
    0x23,0x76,0x65,0x72,0x73,0x69,0x6f,0x6e,0x20,0x34,0x33,0x30,0x0a,0x0a,0x73,0x74,
    0x72,0x75,0x63,0x74,0x20,0x66,0x73,0x5f,0x70,0x61,0x72,0x61,0x6d,0x73,0x0a,0x7b,
    0x0a,0x20,0x20,0x20,0x20,0x76,0x65,0x63,0x34,0x20,0x66,0x69,0x6c,0x6c,0x5f,0x63,
    0x6f,0x6c,0x6f,0x72,0x3b,0x0a,0x20,0x20,0x20,0x20,0x76,0x65,0x63,0x34,0x20,0x73,
    0x74,0x72,0x6f,0x6b,0x65,0x5f,0x63,0x6f,0x6c,0x6f,0x72,0x3b,0x0a,0x20,0x20,0x20,
    0x20,0x66,0x6c,0x6f,0x61,0x74,0x20,0x73,0x6d,0x6f,0x6f,0x74,0x68,0x6e,0x65,0x73,
    0x73,0x3b,0x0a,0x20,0x20,0x20,0x20,0x66,0x6c,0x6f,0x61,0x74,0x20,0x73,0x74,0x72,
    0x6f,0x6b,0x65,0x5f,0x77,0x69,0x64,0x74,0x68,0x3b,0x0a,0x20,0x20,0x20,0x20,0x69,
    0x6e,0x74,0x20,0x73,0x68,0x61,0x70,0x65,0x5f,0x74,0x79,0x70,0x65,0x3b,0x0a,0x20,
    0x20,0x20,0x20,0x66,0x6c,0x6f,0x61,0x74,0x20,0x63,0x6f,0x72,0x6e,0x65,0x72,0x5f,
    0x72,0x61,0x64,0x69,0x75,0x73,0x3b,0x0a,0x20,0x20,0x20,0x20,0x76,0x65,0x63,0x32,
    0x20,0x71,0x75,0x61,0x64,0x5f,0x73,0x6b,0x65,0x77,0x3b,0x0a,0x7d,0x3b,0x0a,0x0a,
    0x75,0x6e,0x69,0x66,0x6f,0x72,0x6d,0x20,0x66,0x73,0x5f,0x70,0x61,0x72,0x61,0x6d,
    0x73,0x20,0x5f,0x31,0x36,0x33,0x3b,0x0a,0x0a,0x6c,0x61,0x79,0x6f,0x75,0x74,0x28,
    0x6c,0x6f,0x63,0x61,0x74,0x69,0x6f,0x6e,0x20,0x3d,0x20,0x30,0x29,0x20,0x69,0x6e,
    0x20,0x76,0x65,0x63,0x32,0x20,0x75,0x76,0x3b,0x0a,0x6c,0x61,0x79,0x6f,0x75,0x74,
    0x28,0x6c,0x6f,0x63,0x61,0x74,0x69,0x6f,0x6e,0x20,0x3d,0x20,0x30,0x29,0x20,0x6f,
    0x75,0x74,0x20,0x76,0x65,0x63,0x34,0x20,0x66,0x72,0x61,0x67,0x5f,0x63,0x6f,0x6c,
    0x6f,0x72,0x3b,0x0a,0x0a,0x66,0x6c,0x6f,0x61,0x74,0x20,0x63,0x69,0x72,0x63,0x6c,
    0x65,0x5f,0x73,0x64,0x66,0x28,0x76,0x65,0x63,0x32,0x20,0x70,0x29,0x0a,0x7b,0x0a,
    0x20,0x20,0x20,0x20,0x72,0x65,0x74,0x75,0x72,0x6e,0x20,0x6c,0x65,0x6e,0x67,0x74,
    0x68,0x28,0x70,0x29,0x20,0x2d,0x20,0x31,0x2e,0x30,0x3b,0x0a,0x7d,0x0a,0x0a,0x66,
    0x6c,0x6f,0x61,0x74,0x20,0x72,0x6f,0x75,0x6e,0x64,0x65,0x64,0x5f,0x72,0x65,0x63,
    0x74,0x5f,0x73,0x64,0x66,0x28,0x76,0x65,0x63,0x32,0x20,0x70,0x2c,0x20,0x76,0x65,
    0x63,0x32,0x20,0x73,0x69,0x7a,0x65,0x2c,0x20,0x66,0x6c,0x6f,0x61,0x74,0x20,0x72,
    0x61,0x64,0x69,0x75,0x73,0x29,0x0a,0x7b,0x0a,0x20,0x20,0x20,0x20,0x76,0x65,0x63,
    0x32,0x20,0x5f,0x36,0x37,0x20,0x3d,0x20,0x28,0x61,0x62,0x73,0x28,0x70,0x29,0x20,
    0x2d,0x20,0x73,0x69,0x7a,0x65,0x29,0x20,0x2b,0x20,0x76,0x65,0x63,0x32,0x28,0x72,
    0x61,0x64,0x69,0x75,0x73,0x29,0x3b,0x0a,0x20,0x20,0x20,0x20,0x72,0x65,0x74,0x75,
    0x72,0x6e,0x20,0x28,0x6c,0x65,0x6e,0x67,0x74,0x68,0x28,0x6d,0x61,0x78,0x28,0x5f,
    0x36,0x37,0x2c,0x20,0x76,0x65,0x63,0x32,0x28,0x30,0x2e,0x30,0x29,0x29,0x29,0x20,
    0x2b,0x20,0x6d,0x69,0x6e,0x28,0x6d,0x61,0x78,0x28,0x5f,0x36,0x37,0x2e,0x78,0x2c,
    0x20,0x5f,0x36,0x37,0x2e,0x79,0x29,0x2c,0x20,0x30,0x2e,0x30,0x29,0x29,0x20,0x2d,
    0x20,0x72,0x61,0x64,0x69,0x75,0x73,0x3b,0x0a,0x7d,0x0a,0x0a,0x66,0x6c,0x6f,0x61,
    0x74,0x20,0x72,0x65,0x63,0x74,0x5f,0x73,0x64,0x66,0x28,0x76,0x65,0x63,0x32,0x20,
    0x70,0x2c,0x20,0x76,0x65,0x63,0x32,0x20,0x73,0x69,0x7a,0x65,0x29,0x0a,0x7b,0x0a,
    0x20,0x20,0x20,0x20,0x76,0x65,0x63,0x32,0x20,0x5f,0x34,0x32,0x20,0x3d,0x20,0x61,
    0x62,0x73,0x28,0x70,0x29,0x20,0x2d,0x20,0x73,0x69,0x7a,0x65,0x3b,0x0a,0x20,0x20,
    0x20,0x20,0x72,0x65,0x74,0x75,0x72,0x6e,0x20,0x6c,0x65,0x6e,0x67,0x74,0x68,0x28,
    0x6d,0x61,0x78,0x28,0x5f,0x34,0x32,0x2c,0x20,0x76,0x65,0x63,0x32,0x28,0x30,0x2e,
    0x30,0x29,0x29,0x29,0x20,0x2b,0x20,0x6d,0x69,0x6e,0x28,0x6d,0x61,0x78,0x28,0x5f,
    0x34,0x32,0x2e,0x78,0x2c,0x20,0x5f,0x34,0x32,0x2e,0x79,0x29,0x2c,0x20,0x30,0x2e,
    0x30,0x29,0x3b,0x0a,0x7d,0x0a,0x0a,0x66,0x6c,0x6f,0x61,0x74,0x20,0x74,0x72,0x69,
    0x61,0x6e,0x67,0x6c,0x65,0x5f,0x73,0x64,0x66,0x28,0x69,0x6e,0x6f,0x75,0x74,0x20,
    0x76,0x65,0x63,0x32,0x20,0x70,0x29,0x0a,0x7b,0x0a,0x20,0x20,0x20,0x20,0x70,0x2e,
    0x78,0x20,0x3d,0x20,0x61,0x62,0x73,0x28,0x70,0x2e,0x78,0x29,0x20,0x2d,0x20,0x31,
    0x2e,0x30,0x3b,0x0a,0x20,0x20,0x20,0x20,0x70,0x2e,0x79,0x20,0x2b,0x3d,0x20,0x30,
    0x2e,0x35,0x37,0x37,0x33,0x35,0x30,0x32,0x35,0x38,0x38,0x32,0x37,0x32,0x30,0x39,
    0x34,0x37,0x32,0x36,0x35,0x36,0x32,0x35,0x3b,0x0a,0x20,0x20,0x20,0x20,0x69,0x66,
    0x20,0x28,0x66,0x6d,0x61,0x28,0x31,0x2e,0x37,0x33,0x32,0x30,0x35,0x30,0x37,0x37,
    0x36,0x34,0x38,0x31,0x36,0x32,0x38,0x34,0x31,0x37,0x39,0x36,0x38,0x37,0x35,0x2c,
    0x20,0x70,0x2e,0x79,0x2c,0x20,0x70,0x2e,0x78,0x29,0x20,0x3e,0x20,0x30,0x2e,0x30,
    0x29,0x0a,0x20,0x20,0x20,0x20,0x7b,0x0a,0x20,0x20,0x20,0x20,0x20,0x20,0x20,0x20,
    0x70,0x20,0x3d,0x20,0x76,0x65,0x63,0x32,0x28,0x66,0x6d,0x61,0x28,0x2d,0x31,0x2e,
    0x37,0x33,0x32,0x30,0x35,0x30,0x37,0x37,0x36,0x34,0x38,0x31,0x36,0x32,0x38,0x34,
    0x31,0x37,0x39,0x36,0x38,0x37,0x35,0x2c,0x20,0x70,0x2e,0x79,0x2c,0x20,0x70,0x2e,
    0x78,0x29,0x2c,0x20,0x66,0x6d,0x61,0x28,0x2d,0x31,0x2e,0x37,0x33,0x32,0x30,0x35,
    0x30,0x37,0x37,0x36,0x34,0x38,0x31,0x36,0x32,0x38,0x34,0x31,0x37,0x39,0x36,0x38,
    0x37,0x35,0x2c,0x20,0x70,0x2e,0x78,0x2c,0x20,0x2d,0x70,0x2e,0x79,0x29,0x29,0x20,
    0x2a,0x20,0x76,0x65,0x63,0x32,0x28,0x30,0x2e,0x35,0x29,0x3b,0x0a,0x20,0x20,0x20,
    0x20,0x7d,0x0a,0x20,0x20,0x20,0x20,0x70,0x2e,0x78,0x20,0x2d,0x3d,0x20,0x63,0x6c,
    0x61,0x6d,0x70,0x28,0x70,0x2e,0x78,0x2c,0x20,0x2d,0x32,0x2e,0x30,0x2c,0x20,0x30,
    0x2e,0x30,0x29,0x3b,0x0a,0x20,0x20,0x20,0x20,0x72,0x65,0x74,0x75,0x72,0x6e,0x20,
    0x28,0x2d,0x6c,0x65,0x6e,0x67,0x74,0x68,0x28,0x70,0x29,0x29,0x20,0x2a,0x20,0x73,
    0x69,0x67,0x6e,0x28,0x70,0x2e,0x79,0x29,0x3b,0x0a,0x7d,0x0a,0x0a,0x66,0x6c,0x6f,
    0x61,0x74,0x20,0x71,0x75,0x61,0x64,0x5f,0x73,0x64,0x66,0x28,0x76,0x65,0x63,0x32,
    0x20,0x70,0x2c,0x20,0x76,0x65,0x63,0x32,0x20,0x73,0x6b,0x65,0x77,0x29,0x0a,0x7b,
    0x0a,0x20,0x20,0x20,0x20,0x76,0x65,0x63,0x32,0x20,0x70,0x61,0x72,0x61,0x6d,0x20,
    0x3d,0x20,0x70,0x20,0x2b,0x20,0x76,0x65,0x63,0x32,0x28,0x70,0x2e,0x79,0x20,0x2a,
    0x20,0x73,0x6b,0x65,0x77,0x2e,0x78,0x2c,0x20,0x70,0x2e,0x78,0x20,0x2a,0x20,0x73,
    0x6b,0x65,0x77,0x2e,0x79,0x29,0x3b,0x0a,0x20,0x20,0x20,0x20,0x76,0x65,0x63,0x32,
    0x20,0x70,0x61,0x72,0x61,0x6d,0x5f,0x31,0x20,0x3d,0x20,0x76,0x65,0x63,0x32,0x28,
    0x31,0x2e,0x30,0x29,0x3b,0x0a,0x20,0x20,0x20,0x20,0x72,0x65,0x74,0x75,0x72,0x6e,
    0x20,0x72,0x65,0x63,0x74,0x5f,0x73,0x64,0x66,0x28,0x70,0x61,0x72,0x61,0x6d,0x2c,
    0x20,0x70,0x61,0x72,0x61,0x6d,0x5f,0x31,0x29,0x3b,0x0a,0x7d,0x0a,0x0a,0x76,0x6f,
    0x69,0x64,0x20,0x6d,0x61,0x69,0x6e,0x28,0x29,0x0a,0x7b,0x0a,0x20,0x20,0x20,0x20,
    0x66,0x6c,0x6f,0x61,0x74,0x20,0x64,0x69,0x73,0x74,0x3b,0x0a,0x20,0x20,0x20,0x20,
    0x69,0x66,0x20,0x28,0x5f,0x31,0x36,0x33,0x2e,0x73,0x68,0x61,0x70,0x65,0x5f,0x74,
    0x79,0x70,0x65,0x20,0x3d,0x3d,0x20,0x30,0x29,0x0a,0x20,0x20,0x20,0x20,0x7b,0x0a,
    0x20,0x20,0x20,0x20,0x20,0x20,0x20,0x20,0x76,0x65,0x63,0x32,0x20,0x70,0x61,0x72,
    0x61,0x6d,0x20,0x3d,0x20,0x75,0x76,0x3b,0x0a,0x20,0x20,0x20,0x20,0x20,0x20,0x20,
    0x20,0x64,0x69,0x73,0x74,0x20,0x3d,0x20,0x63,0x69,0x72,0x63,0x6c,0x65,0x5f,0x73,
    0x64,0x66,0x28,0x70,0x61,0x72,0x61,0x6d,0x29,0x3b,0x0a,0x20,0x20,0x20,0x20,0x7d,
    0x0a,0x20,0x20,0x20,0x20,0x65,0x6c,0x73,0x65,0x0a,0x20,0x20,0x20,0x20,0x7b,0x0a,
    0x20,0x20,0x20,0x20,0x20,0x20,0x20,0x20,0x69,0x66,0x20,0x28,0x5f,0x31,0x36,0x33,
    0x2e,0x73,0x68,0x61,0x70,0x65,0x5f,0x74,0x79,0x70,0x65,0x20,0x3d,0x3d,0x20,0x31,
    0x29,0x0a,0x20,0x20,0x20,0x20,0x20,0x20,0x20,0x20,0x7b,0x0a,0x20,0x20,0x20,0x20,
    0x20,0x20,0x20,0x20,0x20,0x20,0x20,0x20,0x69,0x66,0x20,0x28,0x5f,0x31,0x36,0x33,
    0x2e,0x63,0x6f,0x72,0x6e,0x65,0x72,0x5f,0x72,0x61,0x64,0x69,0x75,0x73,0x20,0x3e,
    0x20,0x30,0x2e,0x30,0x29,0x0a,0x20,0x20,0x20,0x20,0x20,0x20,0x20,0x20,0x20,0x20,
    0x20,0x20,0x7b,0x0a,0x20,0x20,0x20,0x20,0x20,0x20,0x20,0x20,0x20,0x20,0x20,0x20,
    0x20,0x20,0x20,0x20,0x76,0x65,0x63,0x32,0x20,0x70,0x61,0x72,0x61,0x6d,0x5f,0x31,
    0x20,0x3d,0x20,0x75,0x76,0x3b,0x0a,0x20,0x20,0x20,0x20,0x20,0x20,0x20,0x20,0x20,
    0x20,0x20,0x20,0x20,0x20,0x20,0x20,0x76,0x65,0x63,0x32,0x20,0x70,0x61,0x72,0x61,
    0x6d,0x5f,0x32,0x20,0x3d,0x20,0x76,0x65,0x63,0x32,0x28,0x31,0x2e,0x30,0x29,0x3b,
    0x0a,0x20,0x20,0x20,0x20,0x20,0x20,0x20,0x20,0x20,0x20,0x20,0x20,0x20,0x20,0x20,
    0x20,0x66,0x6c,0x6f,0x61,0x74,0x20,0x70,0x61,0x72,0x61,0x6d,0x5f,0x33,0x20,0x3d,
    0x20,0x5f,0x31,0x36,0x33,0x2e,0x63,0x6f,0x72,0x6e,0x65,0x72,0x5f,0x72,0x61,0x64,
    0x69,0x75,0x73,0x3b,0x0a,0x20,0x20,0x20,0x20,0x20,0x20,0x20,0x20,0x20,0x20,0x20,
    0x20,0x20,0x20,0x20,0x20,0x64,0x69,0x73,0x74,0x20,0x3d,0x20,0x72,0x6f,0x75,0x6e,
    0x64,0x65,0x64,0x5f,0x72,0x65,0x63,0x74,0x5f,0x73,0x64,0x66,0x28,0x70,0x61,0x72,
    0x61,0x6d,0x5f,0x31,0x2c,0x20,0x70,0x61,0x72,0x61,0x6d,0x5f,0x32,0x2c,0x20,0x70,
    0x61,0x72,0x61,0x6d,0x5f,0x33,0x29,0x3b,0x0a,0x20,0x20,0x20,0x20,0x20,0x20,0x20,
    0x20,0x20,0x20,0x20,0x20,0x7d,0x0a,0x20,0x20,0x20,0x20,0x20,0x20,0x20,0x20,0x20,
    0x20,0x20,0x20,0x65,0x6c,0x73,0x65,0x0a,0x20,0x20,0x20,0x20,0x20,0x20,0x20,0x20,
    0x20,0x20,0x20,0x20,0x7b,0x0a,0x20,0x20,0x20,0x20,0x20,0x20,0x20,0x20,0x20,0x20,
    0x20,0x20,0x20,0x20,0x20,0x20,0x76,0x65,0x63,0x32,0x20,0x70,0x61,0x72,0x61,0x6d,
    0x5f,0x34,0x20,0x3d,0x20,0x75,0x76,0x3b,0x0a,0x20,0x20,0x20,0x20,0x20,0x20,0x20,
    0x20,0x20,0x20,0x20,0x20,0x20,0x20,0x20,0x20,0x76,0x65,0x63,0x32,0x20,0x70,0x61,
    0x72,0x61,0x6d,0x5f,0x35,0x20,0x3d,0x20,0x76,0x65,0x63,0x32,0x28,0x31,0x2e,0x30,
    0x29,0x3b,0x0a,0x20,0x20,0x20,0x20,0x20,0x20,0x20,0x20,0x20,0x20,0x20,0x20,0x20,
    0x20,0x20,0x20,0x64,0x69,0x73,0x74,0x20,0x3d,0x20,0x72,0x65,0x63,0x74,0x5f,0x73,
    0x64,0x66,0x28,0x70,0x61,0x72,0x61,0x6d,0x5f,0x34,0x2c,0x20,0x70,0x61,0x72,0x61,
    0x6d,0x5f,0x35,0x29,0x3b,0x0a,0x20,0x20,0x20,0x20,0x20,0x20,0x20,0x20,0x20,0x20,
    0x20,0x20,0x7d,0x0a,0x20,0x20,0x20,0x20,0x20,0x20,0x20,0x20,0x7d,0x0a,0x20,0x20,
    0x20,0x20,0x20,0x20,0x20,0x20,0x65,0x6c,0x73,0x65,0x0a,0x20,0x20,0x20,0x20,0x20,
    0x20,0x20,0x20,0x7b,0x0a,0x20,0x20,0x20,0x20,0x20,0x20,0x20,0x20,0x20,0x20,0x20,
    0x20,0x69,0x66,0x20,0x28,0x5f,0x31,0x36,0x33,0x2e,0x73,0x68,0x61,0x70,0x65,0x5f,
    0x74,0x79,0x70,0x65,0x20,0x3d,0x3d,0x20,0x32,0x29,0x0a,0x20,0x20,0x20,0x20,0x20,
    0x20,0x20,0x20,0x20,0x20,0x20,0x20,0x7b,0x0a,0x20,0x20,0x20,0x20,0x20,0x20,0x20,
    0x20,0x20,0x20,0x20,0x20,0x20,0x20,0x20,0x20,0x76,0x65,0x63,0x32,0x20,0x70,0x61,
    0x72,0x61,0x6d,0x5f,0x36,0x20,0x3d,0x20,0x75,0x76,0x3b,0x0a,0x20,0x20,0x20,0x20,
    0x20,0x20,0x20,0x20,0x20,0x20,0x20,0x20,0x20,0x20,0x20,0x20,0x66,0x6c,0x6f,0x61,
    0x74,0x20,0x5f,0x32,0x31,0x33,0x20,0x3d,0x20,0x74,0x72,0x69,0x61,0x6e,0x67,0x6c,
    0x65,0x5f,0x73,0x64,0x66,0x28,0x70,0x61,0x72,0x61,0x6d,0x5f,0x36,0x29,0x3b,0x0a,
    0x20,0x20,0x20,0x20,0x20,0x20,0x20,0x20,0x20,0x20,0x20,0x20,0x20,0x20,0x20,0x20,
    0x64,0x69,0x73,0x74,0x20,0x3d,0x20,0x5f,0x32,0x31,0x33,0x3b,0x0a,0x20,0x20,0x20,
    0x20,0x20,0x20,0x20,0x20,0x20,0x20,0x20,0x20,0x7d,0x0a,0x20,0x20,0x20,0x20,0x20,
    0x20,0x20,0x20,0x20,0x20,0x20,0x20,0x65,0x6c,0x73,0x65,0x0a,0x20,0x20,0x20,0x20,
    0x20,0x20,0x20,0x20,0x20,0x20,0x20,0x20,0x7b,0x0a,0x20,0x20,0x20,0x20,0x20,0x20,
    0x20,0x20,0x20,0x20,0x20,0x20,0x20,0x20,0x20,0x20,0x69,0x66,0x20,0x28,0x5f,0x31,
    0x36,0x33,0x2e,0x73,0x68,0x61,0x70,0x65,0x5f,0x74,0x79,0x70,0x65,0x20,0x3d,0x3d,
    0x20,0x33,0x29,0x0a,0x20,0x20,0x20,0x20,0x20,0x20,0x20,0x20,0x20,0x20,0x20,0x20,
    0x20,0x20,0x20,0x20,0x7b,0x0a,0x20,0x20,0x20,0x20,0x20,0x20,0x20,0x20,0x20,0x20,
    0x20,0x20,0x20,0x20,0x20,0x20,0x20,0x20,0x20,0x20,0x76,0x65,0x63,0x32,0x20,0x70,
    0x61,0x72,0x61,0x6d,0x5f,0x37,0x20,0x3d,0x20,0x75,0x76,0x3b,0x0a,0x20,0x20,0x20,
    0x20,0x20,0x20,0x20,0x20,0x20,0x20,0x20,0x20,0x20,0x20,0x20,0x20,0x20,0x20,0x20,
    0x20,0x76,0x65,0x63,0x32,0x20,0x70,0x61,0x72,0x61,0x6d,0x5f,0x38,0x20,0x3d,0x20,
    0x5f,0x31,0x36,0x33,0x2e,0x71,0x75,0x61,0x64,0x5f,0x73,0x6b,0x65,0x77,0x3b,0x0a,
    0x20,0x20,0x20,0x20,0x20,0x20,0x20,0x20,0x20,0x20,0x20,0x20,0x20,0x20,0x20,0x20,
    0x20,0x20,0x20,0x20,0x64,0x69,0x73,0x74,0x20,0x3d,0x20,0x71,0x75,0x61,0x64,0x5f,
    0x73,0x64,0x66,0x28,0x70,0x61,0x72,0x61,0x6d,0x5f,0x37,0x2c,0x20,0x70,0x61,0x72,
    0x61,0x6d,0x5f,0x38,0x29,0x3b,0x0a,0x20,0x20,0x20,0x20,0x20,0x20,0x20,0x20,0x20,
    0x20,0x20,0x20,0x20,0x20,0x20,0x20,0x7d,0x0a,0x20,0x20,0x20,0x20,0x20,0x20,0x20,
    0x20,0x20,0x20,0x20,0x20,0x20,0x20,0x20,0x20,0x65,0x6c,0x73,0x65,0x0a,0x20,0x20,
    0x20,0x20,0x20,0x20,0x20,0x20,0x20,0x20,0x20,0x20,0x20,0x20,0x20,0x20,0x7b,0x0a,
    0x20,0x20,0x20,0x20,0x20,0x20,0x20,0x20,0x20,0x20,0x20,0x20,0x20,0x20,0x20,0x20,
    0x20,0x20,0x20,0x20,0x76,0x65,0x63,0x32,0x20,0x70,0x61,0x72,0x61,0x6d,0x5f,0x39,
    0x20,0x3d,0x20,0x75,0x76,0x3b,0x0a,0x20,0x20,0x20,0x20,0x20,0x20,0x20,0x20,0x20,
    0x20,0x20,0x20,0x20,0x20,0x20,0x20,0x20,0x20,0x20,0x20,0x64,0x69,0x73,0x74,0x20,
    0x3d,0x20,0x63,0x69,0x72,0x63,0x6c,0x65,0x5f,0x73,0x64,0x66,0x28,0x70,0x61,0x72,
    0x61,0x6d,0x5f,0x39,0x29,0x3b,0x0a,0x20,0x20,0x20,0x20,0x20,0x20,0x20,0x20,0x20,
    0x20,0x20,0x20,0x20,0x20,0x20,0x20,0x7d,0x0a,0x20,0x20,0x20,0x20,0x20,0x20,0x20,
    0x20,0x20,0x20,0x20,0x20,0x7d,0x0a,0x20,0x20,0x20,0x20,0x20,0x20,0x20,0x20,0x7d,
    0x0a,0x20,0x20,0x20,0x20,0x7d,0x0a,0x20,0x20,0x20,0x20,0x66,0x6c,0x6f,0x61,0x74,
    0x20,0x5f,0x32,0x33,0x36,0x20,0x3d,0x20,0x2d,0x5f,0x31,0x36,0x33,0x2e,0x73,0x6d,
    0x6f,0x6f,0x74,0x68,0x6e,0x65,0x73,0x73,0x3b,0x0a,0x20,0x20,0x20,0x20,0x66,0x6c,
    0x6f,0x61,0x74,0x20,0x5f,0x32,0x34,0x31,0x20,0x3d,0x20,0x31,0x2e,0x30,0x20,0x2d,
    0x20,0x73,0x6d,0x6f,0x6f,0x74,0x68,0x73,0x74,0x65,0x70,0x28,0x5f,0x32,0x33,0x36,
    0x2c,0x20,0x5f,0x31,0x36,0x33,0x2e,0x73,0x6d,0x6f,0x6f,0x74,0x68,0x6e,0x65,0x73,
    0x73,0x2c,0x20,0x64,0x69,0x73,0x74,0x29,0x3b,0x0a,0x20,0x20,0x20,0x20,0x66,0x6c,
    0x6f,0x61,0x74,0x20,0x73,0x74,0x72,0x6f,0x6b,0x65,0x5f,0x61,0x6c,0x70,0x68,0x61,
    0x20,0x3d,0x20,0x30,0x2e,0x30,0x3b,0x0a,0x20,0x20,0x20,0x20,0x69,0x66,0x20,0x28,
    0x5f,0x31,0x36,0x33,0x2e,0x73,0x74,0x72,0x6f,0x6b,0x65,0x5f,0x77,0x69,0x64,0x74,
    0x68,0x20,0x3e,0x20,0x30,0x2e,0x30,0x29,0x0a,0x20,0x20,0x20,0x20,0x7b,0x0a,0x20,
    0x20,0x20,0x20,0x20,0x20,0x20,0x20,0x66,0x6c,0x6f,0x61,0x74,0x20,0x5f,0x32,0x35,
    0x30,0x20,0x3d,0x20,0x61,0x62,0x73,0x28,0x64,0x69,0x73,0x74,0x29,0x3b,0x0a,0x20,
    0x20,0x20,0x20,0x20,0x20,0x20,0x20,0x73,0x74,0x72,0x6f,0x6b,0x65,0x5f,0x61,0x6c,
    0x70,0x68,0x61,0x20,0x3d,0x20,0x28,0x31,0x2e,0x30,0x20,0x2d,0x20,0x73,0x6d,0x6f,
    0x6f,0x74,0x68,0x73,0x74,0x65,0x70,0x28,0x5f,0x32,0x33,0x36,0x2c,0x20,0x5f,0x31,
    0x36,0x33,0x2e,0x73,0x6d,0x6f,0x6f,0x74,0x68,0x6e,0x65,0x73,0x73,0x2c,0x20,0x66,
    0x6d,0x61,0x28,0x2d,0x5f,0x31,0x36,0x33,0x2e,0x73,0x74,0x72,0x6f,0x6b,0x65,0x5f,
    0x77,0x69,0x64,0x74,0x68,0x2c,0x20,0x30,0x2e,0x35,0x2c,0x20,0x5f,0x32,0x35,0x30,
    0x29,0x29,0x29,0x20,0x2a,0x20,0x28,0x31,0x2e,0x30,0x20,0x2d,0x20,0x73,0x6d,0x6f,
    0x6f,0x74,0x68,0x73,0x74,0x65,0x70,0x28,0x5f,0x32,0x33,0x36,0x2c,0x20,0x5f,0x31,
    0x36,0x33,0x2e,0x73,0x6d,0x6f,0x6f,0x74,0x68,0x6e,0x65,0x73,0x73,0x2c,0x20,0x66,
    0x6d,0x61,0x28,0x5f,0x31,0x36,0x33,0x2e,0x73,0x74,0x72,0x6f,0x6b,0x65,0x5f,0x77,
    0x69,0x64,0x74,0x68,0x2c,0x20,0x30,0x2e,0x35,0x2c,0x20,0x2d,0x5f,0x32,0x35,0x30,
    0x29,0x29,0x29,0x3b,0x0a,0x20,0x20,0x20,0x20,0x7d,0x0a,0x20,0x20,0x20,0x20,0x76,
    0x65,0x63,0x34,0x20,0x5f,0x32,0x39,0x31,0x20,0x3d,0x20,0x28,0x5f,0x31,0x36,0x33,
    0x2e,0x66,0x69,0x6c,0x6c,0x5f,0x63,0x6f,0x6c,0x6f,0x72,0x20,0x2a,0x20,0x5f,0x32,
    0x34,0x31,0x29,0x20,0x2b,0x20,0x28,0x5f,0x31,0x36,0x33,0x2e,0x73,0x74,0x72,0x6f,
    0x6b,0x65,0x5f,0x63,0x6f,0x6c,0x6f,0x72,0x20,0x2a,0x20,0x73,0x74,0x72,0x6f,0x6b,
    0x65,0x5f,0x61,0x6c,0x70,0x68,0x61,0x29,0x3b,0x0a,0x20,0x20,0x20,0x20,0x5f,0x32,
    0x39,0x31,0x2e,0x77,0x20,0x3d,0x20,0x63,0x6c,0x61,0x6d,0x70,0x28,0x5f,0x32,0x34,
    0x31,0x20,0x2b,0x20,0x73,0x74,0x72,0x6f,0x6b,0x65,0x5f,0x61,0x6c,0x70,0x68,0x61,
    0x2c,0x20,0x30,0x2e,0x30,0x2c,0x20,0x31,0x2e,0x30,0x29,0x3b,0x0a,0x20,0x20,0x20,
    0x20,0x66,0x72,0x61,0x67,0x5f,0x63,0x6f,0x6c,0x6f,0x72,0x20,0x3d,0x20,0x5f,0x32,
    0x39,0x31,0x3b,0x0a,0x7d,0x0a,0x0a,0x00,
};
/*
    #version 300 es

    uniform vec4 vs_params[6];
    layout(location = 0) in vec2 pos;
    out vec2 uv;

    void main()
    {
        vec2 _38 = (((pos * vs_params[4].zw + vs_params[4].xy) / vs_params[5].xy) * 2.0) - vec2(1.0);
        gl_Position = vec4(_38.x, -_38.y, 0.0, 1.0);
        uv = pos;
    }

*/
static const uint8_t vs_source_glsl300es[271] = {
    0x23,0x76,0x65,0x72,0x73,0x69,0x6f,0x6e,0x20,0x33,0x30,0x30,0x20,0x65,0x73,0x0a,
    0x0a,0x75,0x6e,0x69,0x66,0x6f,0x72,0x6d,0x20,0x76,0x65,0x63,0x34,0x20,0x76,0x73,
    0x5f,0x70,0x61,0x72,0x61,0x6d,0x73,0x5b,0x36,0x5d,0x3b,0x0a,0x6c,0x61,0x79,0x6f,
    0x75,0x74,0x28,0x6c,0x6f,0x63,0x61,0x74,0x69,0x6f,0x6e,0x20,0x3d,0x20,0x30,0x29,
    0x20,0x69,0x6e,0x20,0x76,0x65,0x63,0x32,0x20,0x70,0x6f,0x73,0x3b,0x0a,0x6f,0x75,
    0x74,0x20,0x76,0x65,0x63,0x32,0x20,0x75,0x76,0x3b,0x0a,0x0a,0x76,0x6f,0x69,0x64,
    0x20,0x6d,0x61,0x69,0x6e,0x28,0x29,0x0a,0x7b,0x0a,0x20,0x20,0x20,0x20,0x76,0x65,
    0x63,0x32,0x20,0x5f,0x33,0x38,0x20,0x3d,0x20,0x28,0x28,0x28,0x70,0x6f,0x73,0x20,
    0x2a,0x20,0x76,0x73,0x5f,0x70,0x61,0x72,0x61,0x6d,0x73,0x5b,0x34,0x5d,0x2e,0x7a,
    0x77,0x20,0x2b,0x20,0x76,0x73,0x5f,0x70,0x61,0x72,0x61,0x6d,0x73,0x5b,0x34,0x5d,
    0x2e,0x78,0x79,0x29,0x20,0x2f,0x20,0x76,0x73,0x5f,0x70,0x61,0x72,0x61,0x6d,0x73,
    0x5b,0x35,0x5d,0x2e,0x78,0x79,0x29,0x20,0x2a,0x20,0x32,0x2e,0x30,0x29,0x20,0x2d,
    0x20,0x76,0x65,0x63,0x32,0x28,0x31,0x2e,0x30,0x29,0x3b,0x0a,0x20,0x20,0x20,0x20,
    0x67,0x6c,0x5f,0x50,0x6f,0x73,0x69,0x74,0x69,0x6f,0x6e,0x20,0x3d,0x20,0x76,0x65,
    0x63,0x34,0x28,0x5f,0x33,0x38,0x2e,0x78,0x2c,0x20,0x2d,0x5f,0x33,0x38,0x2e,0x79,
    0x2c,0x20,0x30,0x2e,0x30,0x2c,0x20,0x31,0x2e,0x30,0x29,0x3b,0x0a,0x20,0x20,0x20,
    0x20,0x75,0x76,0x20,0x3d,0x20,0x70,0x6f,0x73,0x3b,0x0a,0x7d,0x0a,0x0a,0x00,
};
/*
    #version 300 es
    precision mediump float;
    precision highp int;

    struct fs_params
    {
        highp vec4 fill_color;
        highp vec4 stroke_color;
        highp float smoothness;
        highp float stroke_width;
        int shape_type;
        highp float corner_radius;
        highp vec2 quad_skew;
    };

    uniform fs_params _163;

    in highp vec2 uv;
    layout(location = 0) out highp vec4 frag_color;

    highp float circle_sdf(highp vec2 p)
    {
        return length(p) - 1.0;
    }

    highp float rounded_rect_sdf(highp vec2 p, highp vec2 size, highp float radius)
    {
        highp vec2 _67 = (abs(p) - size) + vec2(radius);
        return (length(max(_67, vec2(0.0))) + min(max(_67.x, _67.y), 0.0)) - radius;
    }

    highp float rect_sdf(highp vec2 p, highp vec2 size)
    {
        highp vec2 _42 = abs(p) - size;
        return length(max(_42, vec2(0.0))) + min(max(_42.x, _42.y), 0.0);
    }

    highp float triangle_sdf(inout highp vec2 p)
    {
        p.x = abs(p.x) - 1.0;
        p.y += 0.57735025882720947265625;
        if ((1.73205077648162841796875 * p.y + p.x) > 0.0)
        {
            p = vec2((-1.73205077648162841796875) * p.y + p.x, (-1.73205077648162841796875) * p.x + (-p.y)) * vec2(0.5);
        }
        p.x -= clamp(p.x, -2.0, 0.0);
        return (-length(p)) * sign(p.y);
    }

    highp float quad_sdf(highp vec2 p, highp vec2 skew)
    {
        highp vec2 param = p + vec2(p.y * skew.x, p.x * skew.y);
        highp vec2 param_1 = vec2(1.0);
        return rect_sdf(param, param_1);
    }

    void main()
    {
        highp float dist;
        if (_163.shape_type == 0)
        {
            highp vec2 param = uv;
            dist = circle_sdf(param);
        }
        else
        {
            if (_163.shape_type == 1)
            {
                if (_163.corner_radius > 0.0)
                {
                    highp vec2 param_1 = uv;
                    highp vec2 param_2 = vec2(1.0);
                    highp float param_3 = _163.corner_radius;
                    dist = rounded_rect_sdf(param_1, param_2, param_3);
                }
                else
                {
                    highp vec2 param_4 = uv;
                    highp vec2 param_5 = vec2(1.0);
                    dist = rect_sdf(param_4, param_5);
                }
            }
            else
            {
                if (_163.shape_type == 2)
                {
                    highp vec2 param_6 = uv;
                    highp float _213 = triangle_sdf(param_6);
                    dist = _213;
                }
                else
                {
                    if (_163.shape_type == 3)
                    {
                        highp vec2 param_7 = uv;
                        highp vec2 param_8 = _163.quad_skew;
                        dist = quad_sdf(param_7, param_8);
                    }
                    else
                    {
                        highp vec2 param_9 = uv;
                        dist = circle_sdf(param_9);
                    }
                }
            }
        }
        highp float _236 = -_163.smoothness;
        highp float _241 = 1.0 - smoothstep(_236, _163.smoothness, dist);
        highp float stroke_alpha = 0.0;
        if (_163.stroke_width > 0.0)
        {
            highp float _250 = abs(dist);
            stroke_alpha = (1.0 - smoothstep(_236, _163.smoothness, (-_163.stroke_width) * 0.5 + _250)) * (1.0 - smoothstep(_236, _163.smoothness, _163.stroke_width * 0.5 + (-_250)));
        }
        highp vec4 _291 = (_163.fill_color * _241) + (_163.stroke_color * stroke_alpha);
        _291.w = clamp(_241 + stroke_alpha, 0.0, 1.0);
        frag_color = _291;
    }

*/
static const uint8_t fs_source_glsl300es[3299] = {
    0x23,0x76,0x65,0x72,0x73,0x69,0x6f,0x6e,0x20,0x33,0x30,0x30,0x20,0x65,0x73,0x0a,
    0x70,0x72,0x65,0x63,0x69,0x73,0x69,0x6f,0x6e,0x20,0x6d,0x65,0x64,0x69,0x75,0x6d,
    0x70,0x20,0x66,0x6c,0x6f,0x61,0x74,0x3b,0x0a,0x70,0x72,0x65,0x63,0x69,0x73,0x69,
    0x6f,0x6e,0x20,0x68,0x69,0x67,0x68,0x70,0x20,0x69,0x6e,0x74,0x3b,0x0a,0x0a,0x73,
    0x74,0x72,0x75,0x63,0x74,0x20,0x66,0x73,0x5f,0x70,0x61,0x72,0x61,0x6d,0x73,0x0a,
    0x7b,0x0a,0x20,0x20,0x20,0x20,0x68,0x69,0x67,0x68,0x70,0x20,0x76,0x65,0x63,0x34,
    0x20,0x66,0x69,0x6c,0x6c,0x5f,0x63,0x6f,0x6c,0x6f,0x72,0x3b,0x0a,0x20,0x20,0x20,
    0x20,0x68,0x69,0x67,0x68,0x70,0x20,0x76,0x65,0x63,0x34,0x20,0x73,0x74,0x72,0x6f,
    0x6b,0x65,0x5f,0x63,0x6f,0x6c,0x6f,0x72,0x3b,0x0a,0x20,0x20,0x20,0x20,0x68,0x69,
    0x67,0x68,0x70,0x20,0x66,0x6c,0x6f,0x61,0x74,0x20,0x73,0x6d,0x6f,0x6f,0x74,0x68,
    0x6e,0x65,0x73,0x73,0x3b,0x0a,0x20,0x20,0x20,0x20,0x68,0x69,0x67,0x68,0x70,0x20,
    0x66,0x6c,0x6f,0x61,0x74,0x20,0x73,0x74,0x72,0x6f,0x6b,0x65,0x5f,0x77,0x69,0x64,
    0x74,0x68,0x3b,0x0a,0x20,0x20,0x20,0x20,0x69,0x6e,0x74,0x20,0x73,0x68,0x61,0x70,
    0x65,0x5f,0x74,0x79,0x70,0x65,0x3b,0x0a,0x20,0x20,0x20,0x20,0x68,0x69,0x67,0x68,
    0x70,0x20,0x66,0x6c,0x6f,0x61,0x74,0x20,0x63,0x6f,0x72,0x6e,0x65,0x72,0x5f,0x72,
    0x61,0x64,0x69,0x75,0x73,0x3b,0x0a,0x20,0x20,0x20,0x20,0x68,0x69,0x67,0x68,0x70,
    0x20,0x76,0x65,0x63,0x32,0x20,0x71,0x75,0x61,0x64,0x5f,0x73,0x6b,0x65,0x77,0x3b,
    0x0a,0x7d,0x3b,0x0a,0x0a,0x75,0x6e,0x69,0x66,0x6f,0x72,0x6d,0x20,0x66,0x73,0x5f,
    0x70,0x61,0x72,0x61,0x6d,0x73,0x20,0x5f,0x31,0x36,0x33,0x3b,0x0a,0x0a,0x69,0x6e,
    0x20,0x68,0x69,0x67,0x68,0x70,0x20,0x76,0x65,0x63,0x32,0x20,0x75,0x76,0x3b,0x0a,
    0x6c,0x61,0x79,0x6f,0x75,0x74,0x28,0x6c,0x6f,0x63,0x61,0x74,0x69,0x6f,0x6e,0x20,
    0x3d,0x20,0x30,0x29,0x20,0x6f,0x75,0x74,0x20,0x68,0x69,0x67,0x68,0x70,0x20,0x76,
    0x65,0x63,0x34,0x20,0x66,0x72,0x61,0x67,0x5f,0x63,0x6f,0x6c,0x6f,0x72,0x3b,0x0a,
    0x0a,0x68,0x69,0x67,0x68,0x70,0x20,0x66,0x6c,0x6f,0x61,0x74,0x20,0x63,0x69,0x72,
    0x63,0x6c,0x65,0x5f,0x73,0x64,0x66,0x28,0x68,0x69,0x67,0x68,0x70,0x20,0x76,0x65,
    0x63,0x32,0x20,0x70,0x29,0x0a,0x7b,0x0a,0x20,0x20,0x20,0x20,0x72,0x65,0x74,0x75,
    0x72,0x6e,0x20,0x6c,0x65,0x6e,0x67,0x74,0x68,0x28,0x70,0x29,0x20,0x2d,0x20,0x31,
    0x2e,0x30,0x3b,0x0a,0x7d,0x0a,0x0a,0x68,0x69,0x67,0x68,0x70,0x20,0x66,0x6c,0x6f,
    0x61,0x74,0x20,0x72,0x6f,0x75,0x6e,0x64,0x65,0x64,0x5f,0x72,0x65,0x63,0x74,0x5f,
    0x73,0x64,0x66,0x28,0x68,0x69,0x67,0x68,0x70,0x20,0x76,0x65,0x63,0x32,0x20,0x70,
    0x2c,0x20,0x68,0x69,0x67,0x68,0x70,0x20,0x76,0x65,0x63,0x32,0x20,0x73,0x69,0x7a,
    0x65,0x2c,0x20,0x68,0x69,0x67,0x68,0x70,0x20,0x66,0x6c,0x6f,0x61,0x74,0x20,0x72,
    0x61,0x64,0x69,0x75,0x73,0x29,0x0a,0x7b,0x0a,0x20,0x20,0x20,0x20,0x68,0x69,0x67,
    0x68,0x70,0x20,0x76,0x65,0x63,0x32,0x20,0x5f,0x36,0x37,0x20,0x3d,0x20,0x28,0x61,
    0x62,0x73,0x28,0x70,0x29,0x20,0x2d,0x20,0x73,0x69,0x7a,0x65,0x29,0x20,0x2b,0x20,
    0x76,0x65,0x63,0x32,0x28,0x72,0x61,0x64,0x69,0x75,0x73,0x29,0x3b,0x0a,0x20,0x20,
    0x20,0x20,0x72,0x65,0x74,0x75,0x72,0x6e,0x20,0x28,0x6c,0x65,0x6e,0x67,0x74,0x68,
    0x28,0x6d,0x61,0x78,0x28,0x5f,0x36,0x37,0x2c,0x20,0x76,0x65,0x63,0x32,0x28,0x30,
    0x2e,0x30,0x29,0x29,0x29,0x20,0x2b,0x20,0x6d,0x69,0x6e,0x28,0x6d,0x61,0x78,0x28,
    0x5f,0x36,0x37,0x2e,0x78,0x2c,0x20,0x5f,0x36,0x37,0x2e,0x79,0x29,0x2c,0x20,0x30,
    0x2e,0x30,0x29,0x29,0x20,0x2d,0x20,0x72,0x61,0x64,0x69,0x75,0x73,0x3b,0x0a,0x7d,
    0x0a,0x0a,0x68,0x69,0x67,0x68,0x70,0x20,0x66,0x6c,0x6f,0x61,0x74,0x20,0x72,0x65,
    0x63,0x74,0x5f,0x73,0x64,0x66,0x28,0x68,0x69,0x67,0x68,0x70,0x20,0x76,0x65,0x63,
    0x32,0x20,0x70,0x2c,0x20,0x68,0x69,0x67,0x68,0x70,0x20,0x76,0x65,0x63,0x32,0x20,
    0x73,0x69,0x7a,0x65,0x29,0x0a,0x7b,0x0a,0x20,0x20,0x20,0x20,0x68,0x69,0x67,0x68,
    0x70,0x20,0x76,0x65,0x63,0x32,0x20,0x5f,0x34,0x32,0x20,0x3d,0x20,0x61,0x62,0x73,
    0x28,0x70,0x29,0x20,0x2d,0x20,0x73,0x69,0x7a,0x65,0x3b,0x0a,0x20,0x20,0x20,0x20,
    0x72,0x65,0x74,0x75,0x72,0x6e,0x20,0x6c,0x65,0x6e,0x67,0x74,0x68,0x28,0x6d,0x61,
    0x78,0x28,0x5f,0x34,0x32,0x2c,0x20,0x76,0x65,0x63,0x32,0x28,0x30,0x2e,0x30,0x29,
    0x29,0x29,0x20,0x2b,0x20,0x6d,0x69,0x6e,0x28,0x6d,0x61,0x78,0x28,0x5f,0x34,0x32,
    0x2e,0x78,0x2c,0x20,0x5f,0x34,0x32,0x2e,0x79,0x29,0x2c,0x20,0x30,0x2e,0x30,0x29,
    0x3b,0x0a,0x7d,0x0a,0x0a,0x68,0x69,0x67,0x68,0x70,0x20,0x66,0x6c,0x6f,0x61,0x74,
    0x20,0x74,0x72,0x69,0x61,0x6e,0x67,0x6c,0x65,0x5f,0x73,0x64,0x66,0x28,0x69,0x6e,
    0x6f,0x75,0x74,0x20,0x68,0x69,0x67,0x68,0x70,0x20,0x76,0x65,0x63,0x32,0x20,0x70,
    0x29,0x0a,0x7b,0x0a,0x20,0x20,0x20,0x20,0x70,0x2e,0x78,0x20,0x3d,0x20,0x61,0x62,
    0x73,0x28,0x70,0x2e,0x78,0x29,0x20,0x2d,0x20,0x31,0x2e,0x30,0x3b,0x0a,0x20,0x20,
    0x20,0x20,0x70,0x2e,0x79,0x20,0x2b,0x3d,0x20,0x30,0x2e,0x35,0x37,0x37,0x33,0x35,
    0x30,0x32,0x35,0x38,0x38,0x32,0x37,0x32,0x30,0x39,0x34,0x37,0x32,0x36,0x35,0x36,
    0x32,0x35,0x3b,0x0a,0x20,0x20,0x20,0x20,0x69,0x66,0x20,0x28,0x28,0x31,0x2e,0x37,
    0x33,0x32,0x30,0x35,0x30,0x37,0x37,0x36,0x34,0x38,0x31,0x36,0x32,0x38,0x34,0x31,
    0x37,0x39,0x36,0x38,0x37,0x35,0x20,0x2a,0x20,0x70,0x2e,0x79,0x20,0x2b,0x20,0x70,
    0x2e,0x78,0x29,0x20,0x3e,0x20,0x30,0x2e,0x30,0x29,0x0a,0x20,0x20,0x20,0x20,0x7b,
    0x0a,0x20,0x20,0x20,0x20,0x20,0x20,0x20,0x20,0x70,0x20,0x3d,0x20,0x76,0x65,0x63,
    0x32,0x28,0x28,0x2d,0x31,0x2e,0x37,0x33,0x32,0x30,0x35,0x30,0x37,0x37,0x36,0x34,
    0x38,0x31,0x36,0x32,0x38,0x34,0x31,0x37,0x39,0x36,0x38,0x37,0x35,0x29,0x20,0x2a,
    0x20,0x70,0x2e,0x79,0x20,0x2b,0x20,0x70,0x2e,0x78,0x2c,0x20,0x28,0x2d,0x31,0x2e,
    0x37,0x33,0x32,0x30,0x35,0x30,0x37,0x37,0x36,0x34,0x38,0x31,0x36,0x32,0x38,0x34,
    0x31,0x37,0x39,0x36,0x38,0x37,0x35,0x29,0x20,0x2a,0x20,0x70,0x2e,0x78,0x20,0x2b,
    0x20,0x28,0x2d,0x70,0x2e,0x79,0x29,0x29,0x20,0x2a,0x20,0x76,0x65,0x63,0x32,0x28,
    0x30,0x2e,0x35,0x29,0x3b,0x0a,0x20,0x20,0x20,0x20,0x7d,0x0a,0x20,0x20,0x20,0x20,
    0x70,0x2e,0x78,0x20,0x2d,0x3d,0x20,0x63,0x6c,0x61,0x6d,0x70,0x28,0x70,0x2e,0x78,
    0x2c,0x20,0x2d,0x32,0x2e,0x30,0x2c,0x20,0x30,0x2e,0x30,0x29,0x3b,0x0a,0x20,0x20,
    0x20,0x20,0x72,0x65,0x74,0x75,0x72,0x6e,0x20,0x28,0x2d,0x6c,0x65,0x6e,0x67,0x74,
    0x68,0x28,0x70,0x29,0x29,0x20,0x2a,0x20,0x73,0x69,0x67,0x6e,0x28,0x70,0x2e,0x79,
    0x29,0x3b,0x0a,0x7d,0x0a,0x0a,0x68,0x69,0x67,0x68,0x70,0x20,0x66,0x6c,0x6f,0x61,
    0x74,0x20,0x71,0x75,0x61,0x64,0x5f,0x73,0x64,0x66,0x28,0x68,0x69,0x67,0x68,0x70,
    0x20,0x76,0x65,0x63,0x32,0x20,0x70,0x2c,0x20,0x68,0x69,0x67,0x68,0x70,0x20,0x76,
    0x65,0x63,0x32,0x20,0x73,0x6b,0x65,0x77,0x29,0x0a,0x7b,0x0a,0x20,0x20,0x20,0x20,
    0x68,0x69,0x67,0x68,0x70,0x20,0x76,0x65,0x63,0x32,0x20,0x70,0x61,0x72,0x61,0x6d,
    0x20,0x3d,0x20,0x70,0x20,0x2b,0x20,0x76,0x65,0x63,0x32,0x28,0x70,0x2e,0x79,0x20,
    0x2a,0x20,0x73,0x6b,0x65,0x77,0x2e,0x78,0x2c,0x20,0x70,0x2e,0x78,0x20,0x2a,0x20,
    0x73,0x6b,0x65,0x77,0x2e,0x79,0x29,0x3b,0x0a,0x20,0x20,0x20,0x20,0x68,0x69,0x67,
    0x68,0x70,0x20,0x76,0x65,0x63,0x32,0x20,0x70,0x61,0x72,0x61,0x6d,0x5f,0x31,0x20,
    0x3d,0x20,0x76,0x65,0x63,0x32,0x28,0x31,0x2e,0x30,0x29,0x3b,0x0a,0x20,0x20,0x20,
    0x20,0x72,0x65,0x74,0x75,0x72,0x6e,0x20,0x72,0x65,0x63,0x74,0x5f,0x73,0x64,0x66,
    0x28,0x70,0x61,0x72,0x61,0x6d,0x2c,0x20,0x70,0x61,0x72,0x61,0x6d,0x5f,0x31,0x29,
    0x3b,0x0a,0x7d,0x0a,0x0a,0x76,0x6f,0x69,0x64,0x20,0x6d,0x61,0x69,0x6e,0x28,0x29,
    0x0a,0x7b,0x0a,0x20,0x20,0x20,0x20,0x68,0x69,0x67,0x68,0x70,0x20,0x66,0x6c,0x6f,
    0x61,0x74,0x20,0x64,0x69,0x73,0x74,0x3b,0x0a,0x20,0x20,0x20,0x20,0x69,0x66,0x20,
    0x28,0x5f,0x31,0x36,0x33,0x2e,0x73,0x68,0x61,0x70,0x65,0x5f,0x74,0x79,0x70,0x65,
    0x20,0x3d,0x3d,0x20,0x30,0x29,0x0a,0x20,0x20,0x20,0x20,0x7b,0x0a,0x20,0x20,0x20,
    0x20,0x20,0x20,0x20,0x20,0x68,0x69,0x67,0x68,0x70,0x20,0x76,0x65,0x63,0x32,0x20,
    0x70,0x61,0x72,0x61,0x6d,0x20,0x3d,0x20,0x75,0x76,0x3b,0x0a,0x20,0x20,0x20,0x20,
    0x20,0x20,0x20,0x20,0x64,0x69,0x73,0x74,0x20,0x3d,0x20,0x63,0x69,0x72,0x63,0x6c,
    0x65,0x5f,0x73,0x64,0x66,0x28,0x70,0x61,0x72,0x61,0x6d,0x29,0x3b,0x0a,0x20,0x20,
    0x20,0x20,0x7d,0x0a,0x20,0x20,0x20,0x20,0x65,0x6c,0x73,0x65,0x0a,0x20,0x20,0x20,
    0x20,0x7b,0x0a,0x20,0x20,0x20,0x20,0x20,0x20,0x20,0x20,0x69,0x66,0x20,0x28,0x5f,
    0x31,0x36,0x33,0x2e,0x73,0x68,0x61,0x70,0x65,0x5f,0x74,0x79,0x70,0x65,0x20,0x3d,
    0x3d,0x20,0x31,0x29,0x0a,0x20,0x20,0x20,0x20,0x20,0x20,0x20,0x20,0x7b,0x0a,0x20,
    0x20,0x20,0x20,0x20,0x20,0x20,0x20,0x20,0x20,0x20,0x20,0x69,0x66,0x20,0x28,0x5f,
    0x31,0x36,0x33,0x2e,0x63,0x6f,0x72,0x6e,0x65,0x72,0x5f,0x72,0x61,0x64,0x69,0x75,
    0x73,0x20,0x3e,0x20,0x30,0x2e,0x30,0x29,0x0a,0x20,0x20,0x20,0x20,0x20,0x20,0x20,
    0x20,0x20,0x20,0x20,0x20,0x7b,0x0a,0x20,0x20,0x20,0x20,0x20,0x20,0x20,0x20,0x20,
    0x20,0x20,0x20,0x20,0x20,0x20,0x20,0x68,0x69,0x67,0x68,0x70,0x20,0x76,0x65,0x63,
    0x32,0x20,0x70,0x61,0x72,0x61,0x6d,0x5f,0x31,0x20,0x3d,0x20,0x75,0x76,0x3b,0x0a,
    0x20,0x20,0x20,0x20,0x20,0x20,0x20,0x20,0x20,0x20,0x20,0x20,0x20,0x20,0x20,0x20,
    0x68,0x69,0x67,0x68,0x70,0x20,0x76,0x65,0x63,0x32,0x20,0x70,0x61,0x72,0x61,0x6d,
    0x5f,0x32,0x20,0x3d,0x20,0x76,0x65,0x63,0x32,0x28,0x31,0x2e,0x30,0x29,0x3b,0x0a,
    0x20,0x20,0x20,0x20,0x20,0x20,0x20,0x20,0x20,0x20,0x20,0x20,0x20,0x20,0x20,0x20,
    0x68,0x69,0x67,0x68,0x70,0x20,0x66,0x6c,0x6f,0x61,0x74,0x20,0x70,0x61,0x72,0x61,
    0x6d,0x5f,0x33,0x20,0x3d,0x20,0x5f,0x31,0x36,0x33,0x2e,0x63,0x6f,0x72,0x6e,0x65,
    0x72,0x5f,0x72,0x61,0x64,0x69,0x75,0x73,0x3b,0x0a,0x20,0x20,0x20,0x20,0x20,0x20,
    0x20,0x20,0x20,0x20,0x20,0x20,0x20,0x20,0x20,0x20,0x64,0x69,0x73,0x74,0x20,0x3d,
    0x20,0x72,0x6f,0x75,0x6e,0x64,0x65,0x64,0x5f,0x72,0x65,0x63,0x74,0x5f,0x73,0x64,
    0x66,0x28,0x70,0x61,0x72,0x61,0x6d,0x5f,0x31,0x2c,0x20,0x70,0x61,0x72,0x61,0x6d,
    0x5f,0x32,0x2c,0x20,0x70,0x61,0x72,0x61,0x6d,0x5f,0x33,0x29,0x3b,0x0a,0x20,0x20,
    0x20,0x20,0x20,0x20,0x20,0x20,0x20,0x20,0x20,0x20,0x7d,0x0a,0x20,0x20,0x20,0x20,
    0x20,0x20,0x20,0x20,0x20,0x20,0x20,0x20,0x65,0x6c,0x73,0x65,0x0a,0x20,0x20,0x20,
    0x20,0x20,0x20,0x20,0x20,0x20,0x20,0x20,0x20,0x7b,0x0a,0x20,0x20,0x20,0x20,0x20,
    0x20,0x20,0x20,0x20,0x20,0x20,0x20,0x20,0x20,0x20,0x20,0x68,0x69,0x67,0x68,0x70,
    0x20,0x76,0x65,0x63,0x32,0x20,0x70,0x61,0x72,0x61,0x6d,0x5f,0x34,0x20,0x3d,0x20,
    0x75,0x76,0x3b,0x0a,0x20,0x20,0x20,0x20,0x20,0x20,0x20,0x20,0x20,0x20,0x20,0x20,
    0x20,0x20,0x20,0x20,0x68,0x69,0x67,0x68,0x70,0x20,0x76,0x65,0x63,0x32,0x20,0x70,
    0x61,0x72,0x61,0x6d,0x5f,0x35,0x20,0x3d,0x20,0x76,0x65,0x63,0x32,0x28,0x31,0x2e,
    0x30,0x29,0x3b,0x0a,0x20,0x20,0x20,0x20,0x20,0x20,0x20,0x20,0x20,0x20,0x20,0x20,
    0x20,0x20,0x20,0x20,0x64,0x69,0x73,0x74,0x20,0x3d,0x20,0x72,0x65,0x63,0x74,0x5f,
    0x73,0x64,0x66,0x28,0x70,0x61,0x72,0x61,0x6d,0x5f,0x34,0x2c,0x20,0x70,0x61,0x72,
    0x61,0x6d,0x5f,0x35,0x29,0x3b,0x0a,0x20,0x20,0x20,0x20,0x20,0x20,0x20,0x20,0x20,
    0x20,0x20,0x20,0x7d,0x0a,0x20,0x20,0x20,0x20,0x20,0x20,0x20,0x20,0x7d,0x0a,0x20,
    0x20,0x20,0x20,0x20,0x20,0x20,0x20,0x65,0x6c,0x73,0x65,0x0a,0x20,0x20,0x20,0x20,
    0x20,0x20,0x20,0x20,0x7b,0x0a,0x20,0x20,0x20,0x20,0x20,0x20,0x20,0x20,0x20,0x20,
    0x20,0x20,0x69,0x66,0x20,0x28,0x5f,0x31,0x36,0x33,0x2e,0x73,0x68,0x61,0x70,0x65,
    0x5f,0x74,0x79,0x70,0x65,0x20,0x3d,0x3d,0x20,0x32,0x29,0x0a,0x20,0x20,0x20,0x20,
    0x20,0x20,0x20,0x20,0x20,0x20,0x20,0x20,0x7b,0x0a,0x20,0x20,0x20,0x20,0x20,0x20,
    0x20,0x20,0x20,0x20,0x20,0x20,0x20,0x20,0x20,0x20,0x68,0x69,0x67,0x68,0x70,0x20,
    0x76,0x65,0x63,0x32,0x20,0x70,0x61,0x72,0x61,0x6d,0x5f,0x36,0x20,0x3d,0x20,0x75,
    0x76,0x3b,0x0a,0x20,0x20,0x20,0x20,0x20,0x20,0x20,0x20,0x20,0x20,0x20,0x20,0x20,
    0x20,0x20,0x20,0x68,0x69,0x67,0x68,0x70,0x20,0x66,0x6c,0x6f,0x61,0x74,0x20,0x5f,
    0x32,0x31,0x33,0x20,0x3d,0x20,0x74,0x72,0x69,0x61,0x6e,0x67,0x6c,0x65,0x5f,0x73,
    0x64,0x66,0x28,0x70,0x61,0x72,0x61,0x6d,0x5f,0x36,0x29,0x3b,0x0a,0x20,0x20,0x20,
    0x20,0x20,0x20,0x20,0x20,0x20,0x20,0x20,0x20,0x20,0x20,0x20,0x20,0x64,0x69,0x73,
    0x74,0x20,0x3d,0x20,0x5f,0x32,0x31,0x33,0x3b,0x0a,0x20,0x20,0x20,0x20,0x20,0x20,
    0x20,0x20,0x20,0x20,0x20,0x20,0x7d,0x0a,0x20,0x20,0x20,0x20,0x20,0x20,0x20,0x20,
    0x20,0x20,0x20,0x20,0x65,0x6c,0x73,0x65,0x0a,0x20,0x20,0x20,0x20,0x20,0x20,0x20,
    0x20,0x20,0x20,0x20,0x20,0x7b,0x0a,0x20,0x20,0x20,0x20,0x20,0x20,0x20,0x20,0x20,
    0x20,0x20,0x20,0x20,0x20,0x20,0x20,0x69,0x66,0x20,0x28,0x5f,0x31,0x36,0x33,0x2e,
    0x73,0x68,0x61,0x70,0x65,0x5f,0x74,0x79,0x70,0x65,0x20,0x3d,0x3d,0x20,0x33,0x29,
    0x0a,0x20,0x20,0x20,0x20,0x20,0x20,0x20,0x20,0x20,0x20,0x20,0x20,0x20,0x20,0x20,
    0x20,0x7b,0x0a,0x20,0x20,0x20,0x20,0x20,0x20,0x20,0x20,0x20,0x20,0x20,0x20,0x20,
    0x20,0x20,0x20,0x20,0x20,0x20,0x20,0x68,0x69,0x67,0x68,0x70,0x20,0x76,0x65,0x63,
    0x32,0x20,0x70,0x61,0x72,0x61,0x6d,0x5f,0x37,0x20,0x3d,0x20,0x75,0x76,0x3b,0x0a,
    0x20,0x20,0x20,0x20,0x20,0x20,0x20,0x20,0x20,0x20,0x20,0x20,0x20,0x20,0x20,0x20,
    0x20,0x20,0x20,0x20,0x68,0x69,0x67,0x68,0x70,0x20,0x76,0x65,0x63,0x32,0x20,0x70,
    0x61,0x72,0x61,0x6d,0x5f,0x38,0x20,0x3d,0x20,0x5f,0x31,0x36,0x33,0x2e,0x71,0x75,
    0x61,0x64,0x5f,0x73,0x6b,0x65,0x77,0x3b,0x0a,0x20,0x20,0x20,0x20,0x20,0x20,0x20,
    0x20,0x20,0x20,0x20,0x20,0x20,0x20,0x20,0x20,0x20,0x20,0x20,0x20,0x64,0x69,0x73,
    0x74,0x20,0x3d,0x20,0x71,0x75,0x61,0x64,0x5f,0x73,0x64,0x66,0x28,0x70,0x61,0x72,
    0x61,0x6d,0x5f,0x37,0x2c,0x20,0x70,0x61,0x72,0x61,0x6d,0x5f,0x38,0x29,0x3b,0x0a,
    0x20,0x20,0x20,0x20,0x20,0x20,0x20,0x20,0x20,0x20,0x20,0x20,0x20,0x20,0x20,0x20,
    0x7d,0x0a,0x20,0x20,0x20,0x20,0x20,0x20,0x20,0x20,0x20,0x20,0x20,0x20,0x20,0x20,
    0x20,0x20,0x65,0x6c,0x73,0x65,0x0a,0x20,0x20,0x20,0x20,0x20,0x20,0x20,0x20,0x20,
    0x20,0x20,0x20,0x20,0x20,0x20,0x20,0x7b,0x0a,0x20,0x20,0x20,0x20,0x20,0x20,0x20,
    0x20,0x20,0x20,0x20,0x20,0x20,0x20,0x20,0x20,0x20,0x20,0x20,0x20,0x68,0x69,0x67,
    0x68,0x70,0x20,0x76,0x65,0x63,0x32,0x20,0x70,0x61,0x72,0x61,0x6d,0x5f,0x39,0x20,
    0x3d,0x20,0x75,0x76,0x3b,0x0a,0x20,0x20,0x20,0x20,0x20,0x20,0x20,0x20,0x20,0x20,
    0x20,0x20,0x20,0x20,0x20,0x20,0x20,0x20,0x20,0x20,0x64,0x69,0x73,0x74,0x20,0x3d,
    0x20,0x63,0x69,0x72,0x63,0x6c,0x65,0x5f,0x73,0x64,0x66,0x28,0x70,0x61,0x72,0x61,
    0x6d,0x5f,0x39,0x29,0x3b,0x0a,0x20,0x20,0x20,0x20,0x20,0x20,0x20,0x20,0x20,0x20,
    0x20,0x20,0x20,0x20,0x20,0x20,0x7d,0x0a,0x20,0x20,0x20,0x20,0x20,0x20,0x20,0x20,
    0x20,0x20,0x20,0x20,0x7d,0x0a,0x20,0x20,0x20,0x20,0x20,0x20,0x20,0x20,0x7d,0x0a,
    0x20,0x20,0x20,0x20,0x7d,0x0a,0x20,0x20,0x20,0x20,0x68,0x69,0x67,0x68,0x70,0x20,
    0x66,0x6c,0x6f,0x61,0x74,0x20,0x5f,0x32,0x33,0x36,0x20,0x3d,0x20,0x2d,0x5f,0x31,
    0x36,0x33,0x2e,0x73,0x6d,0x6f,0x6f,0x74,0x68,0x6e,0x65,0x73,0x73,0x3b,0x0a,0x20,
    0x20,0x20,0x20,0x68,0x69,0x67,0x68,0x70,0x20,0x66,0x6c,0x6f,0x61,0x74,0x20,0x5f,
    0x32,0x34,0x31,0x20,0x3d,0x20,0x31,0x2e,0x30,0x20,0x2d,0x20,0x73,0x6d,0x6f,0x6f,
    0x74,0x68,0x73,0x74,0x65,0x70,0x28,0x5f,0x32,0x33,0x36,0x2c,0x20,0x5f,0x31,0x36,
    0x33,0x2e,0x73,0x6d,0x6f,0x6f,0x74,0x68,0x6e,0x65,0x73,0x73,0x2c,0x20,0x64,0x69,
    0x73,0x74,0x29,0x3b,0x0a,0x20,0x20,0x20,0x20,0x68,0x69,0x67,0x68,0x70,0x20,0x66,
    0x6c,0x6f,0x61,0x74,0x20,0x73,0x74,0x72,0x6f,0x6b,0x65,0x5f,0x61,0x6c,0x70,0x68,
    0x61,0x20,0x3d,0x20,0x30,0x2e,0x30,0x3b,0x0a,0x20,0x20,0x20,0x20,0x69,0x66,0x20,
    0x28,0x5f,0x31,0x36,0x33,0x2e,0x73,0x74,0x72,0x6f,0x6b,0x65,0x5f,0x77,0x69,0x64,
    0x74,0x68,0x20,0x3e,0x20,0x30,0x2e,0x30,0x29,0x0a,0x20,0x20,0x20,0x20,0x7b,0x0a,
    0x20,0x20,0x20,0x20,0x20,0x20,0x20,0x20,0x68,0x69,0x67,0x68,0x70,0x20,0x66,0x6c,
    0x6f,0x61,0x74,0x20,0x5f,0x32,0x35,0x30,0x20,0x3d,0x20,0x61,0x62,0x73,0x28,0x64,
    0x69,0x73,0x74,0x29,0x3b,0x0a,0x20,0x20,0x20,0x20,0x20,0x20,0x20,0x20,0x73,0x74,
    0x72,0x6f,0x6b,0x65,0x5f,0x61,0x6c,0x70,0x68,0x61,0x20,0x3d,0x20,0x28,0x31,0x2e,
    0x30,0x20,0x2d,0x20,0x73,0x6d,0x6f,0x6f,0x74,0x68,0x73,0x74,0x65,0x70,0x28,0x5f,
    0x32,0x33,0x36,0x2c,0x20,0x5f,0x31,0x36,0x33,0x2e,0x73,0x6d,0x6f,0x6f,0x74,0x68,
    0x6e,0x65,0x73,0x73,0x2c,0x20,0x28,0x2d,0x5f,0x31,0x36,0x33,0x2e,0x73,0x74,0x72,
    0x6f,0x6b,0x65,0x5f,0x77,0x69,0x64,0x74,0x68,0x29,0x20,0x2a,0x20,0x30,0x2e,0x35,
    0x20,0x2b,0x20,0x5f,0x32,0x35,0x30,0x29,0x29,0x20,0x2a,0x20,0x28,0x31,0x2e,0x30,
    0x20,0x2d,0x20,0x73,0x6d,0x6f,0x6f,0x74,0x68,0x73,0x74,0x65,0x70,0x28,0x5f,0x32,
    0x33,0x36,0x2c,0x20,0x5f,0x31,0x36,0x33,0x2e,0x73,0x6d,0x6f,0x6f,0x74,0x68,0x6e,
    0x65,0x73,0x73,0x2c,0x20,0x5f,0x31,0x36,0x33,0x2e,0x73,0x74,0x72,0x6f,0x6b,0x65,
    0x5f,0x77,0x69,0x64,0x74,0x68,0x20,0x2a,0x20,0x30,0x2e,0x35,0x20,0x2b,0x20,0x28,
    0x2d,0x5f,0x32,0x35,0x30,0x29,0x29,0x29,0x3b,0x0a,0x20,0x20,0x20,0x20,0x7d,0x0a,
    0x20,0x20,0x20,0x20,0x68,0x69,0x67,0x68,0x70,0x20,0x76,0x65,0x63,0x34,0x20,0x5f,
    0x32,0x39,0x31,0x20,0x3d,0x20,0x28,0x5f,0x31,0x36,0x33,0x2e,0x66,0x69,0x6c,0x6c,
    0x5f,0x63,0x6f,0x6c,0x6f,0x72,0x20,0x2a,0x20,0x5f,0x32,0x34,0x31,0x29,0x20,0x2b,
    0x20,0x28,0x5f,0x31,0x36,0x33,0x2e,0x73,0x74,0x72,0x6f,0x6b,0x65,0x5f,0x63,0x6f,
    0x6c,0x6f,0x72,0x20,0x2a,0x20,0x73,0x74,0x72,0x6f,0x6b,0x65,0x5f,0x61,0x6c,0x70,
    0x68,0x61,0x29,0x3b,0x0a,0x20,0x20,0x20,0x20,0x5f,0x32,0x39,0x31,0x2e,0x77,0x20,
    0x3d,0x20,0x63,0x6c,0x61,0x6d,0x70,0x28,0x5f,0x32,0x34,0x31,0x20,0x2b,0x20,0x73,
    0x74,0x72,0x6f,0x6b,0x65,0x5f,0x61,0x6c,0x70,0x68,0x61,0x2c,0x20,0x30,0x2e,0x30,
    0x2c,0x20,0x31,0x2e,0x30,0x29,0x3b,0x0a,0x20,0x20,0x20,0x20,0x66,0x72,0x61,0x67,
    0x5f,0x63,0x6f,0x6c,0x6f,0x72,0x20,0x3d,0x20,0x5f,0x32,0x39,0x31,0x3b,0x0a,0x7d,
    0x0a,0x0a,0x00,
};
/*
    cbuffer vs_params : register(b0)
    {
        row_major float4x4 _17_mvp : packoffset(c0);
        float2 _17_position : packoffset(c4);
        float2 _17_size : packoffset(c4.z);
        float2 _17_screen_size : packoffset(c5);
    };


    static float4 gl_Position;
    static float2 pos;
    static float2 uv;

    struct SPIRV_Cross_Input
    {
        float2 pos : TEXCOORD0;
    };

    struct SPIRV_Cross_Output
    {
        float2 uv : TEXCOORD0;
        float4 gl_Position : SV_Position;
    };

    void vert_main()
    {
        float2 _38 = ((mad(pos, _17_size, _17_position) / _17_screen_size) * 2.0f) - 1.0f.xx;
        gl_Position = float4(_38.x, -_38.y, 0.0f, 1.0f);
        uv = pos;
    }

    SPIRV_Cross_Output main(SPIRV_Cross_Input stage_input)
    {
        pos = stage_input.pos;
        vert_main();
        SPIRV_Cross_Output stage_output;
        stage_output.gl_Position = gl_Position;
        stage_output.uv = uv;
        return stage_output;
    }
*/
static const uint8_t vs_source_hlsl5[852] = {
    0x63,0x62,0x75,0x66,0x66,0x65,0x72,0x20,0x76,0x73,0x5f,0x70,0x61,0x72,0x61,0x6d,
    0x73,0x20,0x3a,0x20,0x72,0x65,0x67,0x69,0x73,0x74,0x65,0x72,0x28,0x62,0x30,0x29,
    0x0a,0x7b,0x0a,0x20,0x20,0x20,0x20,0x72,0x6f,0x77,0x5f,0x6d,0x61,0x6a,0x6f,0x72,
    0x20,0x66,0x6c,0x6f,0x61,0x74,0x34,0x78,0x34,0x20,0x5f,0x31,0x37,0x5f,0x6d,0x76,
    0x70,0x20,0x3a,0x20,0x70,0x61,0x63,0x6b,0x6f,0x66,0x66,0x73,0x65,0x74,0x28,0x63,
    0x30,0x29,0x3b,0x0a,0x20,0x20,0x20,0x20,0x66,0x6c,0x6f,0x61,0x74,0x32,0x20,0x5f,
    0x31,0x37,0x5f,0x70,0x6f,0x73,0x69,0x74,0x69,0x6f,0x6e,0x20,0x3a,0x20,0x70,0x61,
    0x63,0x6b,0x6f,0x66,0x66,0x73,0x65,0x74,0x28,0x63,0x34,0x29,0x3b,0x0a,0x20,0x20,
    0x20,0x20,0x66,0x6c,0x6f,0x61,0x74,0x32,0x20,0x5f,0x31,0x37,0x5f,0x73,0x69,0x7a,
    0x65,0x20,0x3a,0x20,0x70,0x61,0x63,0x6b,0x6f,0x66,0x66,0x73,0x65,0x74,0x28,0x63,
    0x34,0x2e,0x7a,0x29,0x3b,0x0a,0x20,0x20,0x20,0x20,0x66,0x6c,0x6f,0x61,0x74,0x32,
    0x20,0x5f,0x31,0x37,0x5f,0x73,0x63,0x72,0x65,0x65,0x6e,0x5f,0x73,0x69,0x7a,0x65,
    0x20,0x3a,0x20,0x70,0x61,0x63,0x6b,0x6f,0x66,0x66,0x73,0x65,0x74,0x28,0x63,0x35,
    0x29,0x3b,0x0a,0x7d,0x3b,0x0a,0x0a,0x0a,0x73,0x74,0x61,0x74,0x69,0x63,0x20,0x66,
    0x6c,0x6f,0x61,0x74,0x34,0x20,0x67,0x6c,0x5f,0x50,0x6f,0x73,0x69,0x74,0x69,0x6f,
    0x6e,0x3b,0x0a,0x73,0x74,0x61,0x74,0x69,0x63,0x20,0x66,0x6c,0x6f,0x61,0x74,0x32,
    0x20,0x70,0x6f,0x73,0x3b,0x0a,0x73,0x74,0x61,0x74,0x69,0x63,0x20,0x66,0x6c,0x6f,
    0x61,0x74,0x32,0x20,0x75,0x76,0x3b,0x0a,0x0a,0x73,0x74,0x72,0x75,0x63,0x74,0x20,
    0x53,0x50,0x49,0x52,0x56,0x5f,0x43,0x72,0x6f,0x73,0x73,0x5f,0x49,0x6e,0x70,0x75,
    0x74,0x0a,0x7b,0x0a,0x20,0x20,0x20,0x20,0x66,0x6c,0x6f,0x61,0x74,0x32,0x20,0x70,
    0x6f,0x73,0x20,0x3a,0x20,0x54,0x45,0x58,0x43,0x4f,0x4f,0x52,0x44,0x30,0x3b,0x0a,
    0x7d,0x3b,0x0a,0x0a,0x73,0x74,0x72,0x75,0x63,0x74,0x20,0x53,0x50,0x49,0x52,0x56,
    0x5f,0x43,0x72,0x6f,0x73,0x73,0x5f,0x4f,0x75,0x74,0x70,0x75,0x74,0x0a,0x7b,0x0a,
    0x20,0x20,0x20,0x20,0x66,0x6c,0x6f,0x61,0x74,0x32,0x20,0x75,0x76,0x20,0x3a,0x20,
    0x54,0x45,0x58,0x43,0x4f,0x4f,0x52,0x44,0x30,0x3b,0x0a,0x20,0x20,0x20,0x20,0x66,
    0x6c,0x6f,0x61,0x74,0x34,0x20,0x67,0x6c,0x5f,0x50,0x6f,0x73,0x69,0x74,0x69,0x6f,
    0x6e,0x20,0x3a,0x20,0x53,0x56,0x5f,0x50,0x6f,0x73,0x69,0x74,0x69,0x6f,0x6e,0x3b,
    0x0a,0x7d,0x3b,0x0a,0x0a,0x76,0x6f,0x69,0x64,0x20,0x76,0x65,0x72,0x74,0x5f,0x6d,
    0x61,0x69,0x6e,0x28,0x29,0x0a,0x7b,0x0a,0x20,0x20,0x20,0x20,0x66,0x6c,0x6f,0x61,
    0x74,0x32,0x20,0x5f,0x33,0x38,0x20,0x3d,0x20,0x28,0x28,0x6d,0x61,0x64,0x28,0x70,
    0x6f,0x73,0x2c,0x20,0x5f,0x31,0x37,0x5f,0x73,0x69,0x7a,0x65,0x2c,0x20,0x5f,0x31,
    0x37,0x5f,0x70,0x6f,0x73,0x69,0x74,0x69,0x6f,0x6e,0x29,0x20,0x2f,0x20,0x5f,0x31,
    0x37,0x5f,0x73,0x63,0x72,0x65,0x65,0x6e,0x5f,0x73,0x69,0x7a,0x65,0x29,0x20,0x2a,
    0x20,0x32,0x2e,0x30,0x66,0x29,0x20,0x2d,0x20,0x31,0x2e,0x30,0x66,0x2e,0x78,0x78,
    0x3b,0x0a,0x20,0x20,0x20,0x20,0x67,0x6c,0x5f,0x50,0x6f,0x73,0x69,0x74,0x69,0x6f,
    0x6e,0x20,0x3d,0x20,0x66,0x6c,0x6f,0x61,0x74,0x34,0x28,0x5f,0x33,0x38,0x2e,0x78,
    0x2c,0x20,0x2d,0x5f,0x33,0x38,0x2e,0x79,0x2c,0x20,0x30,0x2e,0x30,0x66,0x2c,0x20,
    0x31,0x2e,0x30,0x66,0x29,0x3b,0x0a,0x20,0x20,0x20,0x20,0x75,0x76,0x20,0x3d,0x20,
    0x70,0x6f,0x73,0x3b,0x0a,0x7d,0x0a,0x0a,0x53,0x50,0x49,0x52,0x56,0x5f,0x43,0x72,
    0x6f,0x73,0x73,0x5f,0x4f,0x75,0x74,0x70,0x75,0x74,0x20,0x6d,0x61,0x69,0x6e,0x28,
    0x53,0x50,0x49,0x52,0x56,0x5f,0x43,0x72,0x6f,0x73,0x73,0x5f,0x49,0x6e,0x70,0x75,
    0x74,0x20,0x73,0x74,0x61,0x67,0x65,0x5f,0x69,0x6e,0x70,0x75,0x74,0x29,0x0a,0x7b,
    0x0a,0x20,0x20,0x20,0x20,0x70,0x6f,0x73,0x20,0x3d,0x20,0x73,0x74,0x61,0x67,0x65,
    0x5f,0x69,0x6e,0x70,0x75,0x74,0x2e,0x70,0x6f,0x73,0x3b,0x0a,0x20,0x20,0x20,0x20,
    0x76,0x65,0x72,0x74,0x5f,0x6d,0x61,0x69,0x6e,0x28,0x29,0x3b,0x0a,0x20,0x20,0x20,
    0x20,0x53,0x50,0x49,0x52,0x56,0x5f,0x43,0x72,0x6f,0x73,0x73,0x5f,0x4f,0x75,0x74,
    0x70,0x75,0x74,0x20,0x73,0x74,0x61,0x67,0x65,0x5f,0x6f,0x75,0x74,0x70,0x75,0x74,
    0x3b,0x0a,0x20,0x20,0x20,0x20,0x73,0x74,0x61,0x67,0x65,0x5f,0x6f,0x75,0x74,0x70,
    0x75,0x74,0x2e,0x67,0x6c,0x5f,0x50,0x6f,0x73,0x69,0x74,0x69,0x6f,0x6e,0x20,0x3d,
    0x20,0x67,0x6c,0x5f,0x50,0x6f,0x73,0x69,0x74,0x69,0x6f,0x6e,0x3b,0x0a,0x20,0x20,
    0x20,0x20,0x73,0x74,0x61,0x67,0x65,0x5f,0x6f,0x75,0x74,0x70,0x75,0x74,0x2e,0x75,
    0x76,0x20,0x3d,0x20,0x75,0x76,0x3b,0x0a,0x20,0x20,0x20,0x20,0x72,0x65,0x74,0x75,
    0x72,0x6e,0x20,0x73,0x74,0x61,0x67,0x65,0x5f,0x6f,0x75,0x74,0x70,0x75,0x74,0x3b,
    0x0a,0x7d,0x0a,0x00,
};
/*
    cbuffer fs_params : register(b0)
    {
        float4 _163_fill_color : packoffset(c0);
        float4 _163_stroke_color : packoffset(c1);
        float _163_smoothness : packoffset(c2);
        float _163_stroke_width : packoffset(c2.y);
        int _163_shape_type : packoffset(c2.z);
        float _163_corner_radius : packoffset(c2.w);
        float2 _163_quad_skew : packoffset(c3);
    };


    static float2 uv;
    static float4 frag_color;

    struct SPIRV_Cross_Input
    {
        float2 uv : TEXCOORD0;
    };

    struct SPIRV_Cross_Output
    {
        float4 frag_color : SV_Target0;
    };

    float circle_sdf(float2 p)
    {
        return length(p) - 1.0f;
    }

    float rounded_rect_sdf(float2 p, float2 size, float radius)
    {
        float2 _67 = (abs(p) - size) + radius.xx;
        return (length(max(_67, 0.0f.xx)) + min(max(_67.x, _67.y), 0.0f)) - radius;
    }

    float rect_sdf(float2 p, float2 size)
    {
        float2 _42 = abs(p) - size;
        return length(max(_42, 0.0f.xx)) + min(max(_42.x, _42.y), 0.0f);
    }

    float triangle_sdf(inout float2 p)
    {
        p.x = abs(p.x) - 1.0f;
        p.y += 0.57735025882720947265625f;
        if (mad(1.73205077648162841796875f, p.y, p.x) > 0.0f)
        {
            p = float2(mad(-1.73205077648162841796875f, p.y, p.x), mad(-1.73205077648162841796875f, p.x, -p.y)) * 0.5f.xx;
        }
        p.x -= clamp(p.x, -2.0f, 0.0f);
        return (-length(p)) * sign(p.y);
    }

    float quad_sdf(float2 p, float2 skew)
    {
        float2 param = p + float2(p.y * skew.x, p.x * skew.y);
        float2 param_1 = 1.0f.xx;
        return rect_sdf(param, param_1);
    }

    void frag_main()
    {
        float dist;
        if (_163_shape_type == 0)
        {
            float2 param = uv;
            dist = circle_sdf(param);
        }
        else
        {
            if (_163_shape_type == 1)
            {
                if (_163_corner_radius > 0.0f)
                {
                    float2 param_1 = uv;
                    float2 param_2 = 1.0f.xx;
                    float param_3 = _163_corner_radius;
                    dist = rounded_rect_sdf(param_1, param_2, param_3);
                }
                else
                {
                    float2 param_4 = uv;
                    float2 param_5 = 1.0f.xx;
                    dist = rect_sdf(param_4, param_5);
                }
            }
            else
            {
                if (_163_shape_type == 2)
                {
                    float2 param_6 = uv;
                    float _213 = triangle_sdf(param_6);
                    dist = _213;
                }
                else
                {
                    if (_163_shape_type == 3)
                    {
                        float2 param_7 = uv;
                        float2 param_8 = _163_quad_skew;
                        dist = quad_sdf(param_7, param_8);
                    }
                    else
                    {
                        float2 param_9 = uv;
                        dist = circle_sdf(param_9);
                    }
                }
            }
        }
        float _236 = -_163_smoothness;
        float _241 = 1.0f - smoothstep(_236, _163_smoothness, dist);
        float stroke_alpha = 0.0f;
        if (_163_stroke_width > 0.0f)
        {
            float _250 = abs(dist);
            stroke_alpha = (1.0f - smoothstep(_236, _163_smoothness, mad(-_163_stroke_width, 0.5f, _250))) * (1.0f - smoothstep(_236, _163_smoothness, mad(_163_stroke_width, 0.5f, -_250)));
        }
        float4 _291 = (_163_fill_color * _241) + (_163_stroke_color * stroke_alpha);
        _291.w = clamp(_241 + stroke_alpha, 0.0f, 1.0f);
        frag_color = _291;
    }

    SPIRV_Cross_Output main(SPIRV_Cross_Input stage_input)
    {
        uv = stage_input.uv;
        frag_main();
        SPIRV_Cross_Output stage_output;
        stage_output.frag_color = frag_color;
        return stage_output;
    }
*/
static const uint8_t fs_source_hlsl5[3519] = {
    0x63,0x62,0x75,0x66,0x66,0x65,0x72,0x20,0x66,0x73,0x5f,0x70,0x61,0x72,0x61,0x6d,
    0x73,0x20,0x3a,0x20,0x72,0x65,0x67,0x69,0x73,0x74,0x65,0x72,0x28,0x62,0x30,0x29,
    0x0a,0x7b,0x0a,0x20,0x20,0x20,0x20,0x66,0x6c,0x6f,0x61,0x74,0x34,0x20,0x5f,0x31,
    0x36,0x33,0x5f,0x66,0x69,0x6c,0x6c,0x5f,0x63,0x6f,0x6c,0x6f,0x72,0x20,0x3a,0x20,
    0x70,0x61,0x63,0x6b,0x6f,0x66,0x66,0x73,0x65,0x74,0x28,0x63,0x30,0x29,0x3b,0x0a,
    0x20,0x20,0x20,0x20,0x66,0x6c,0x6f,0x61,0x74,0x34,0x20,0x5f,0x31,0x36,0x33,0x5f,
    0x73,0x74,0x72,0x6f,0x6b,0x65,0x5f,0x63,0x6f,0x6c,0x6f,0x72,0x20,0x3a,0x20,0x70,
    0x61,0x63,0x6b,0x6f,0x66,0x66,0x73,0x65,0x74,0x28,0x63,0x31,0x29,0x3b,0x0a,0x20,
    0x20,0x20,0x20,0x66,0x6c,0x6f,0x61,0x74,0x20,0x5f,0x31,0x36,0x33,0x5f,0x73,0x6d,
    0x6f,0x6f,0x74,0x68,0x6e,0x65,0x73,0x73,0x20,0x3a,0x20,0x70,0x61,0x63,0x6b,0x6f,
    0x66,0x66,0x73,0x65,0x74,0x28,0x63,0x32,0x29,0x3b,0x0a,0x20,0x20,0x20,0x20,0x66,
    0x6c,0x6f,0x61,0x74,0x20,0x5f,0x31,0x36,0x33,0x5f,0x73,0x74,0x72,0x6f,0x6b,0x65,
    0x5f,0x77,0x69,0x64,0x74,0x68,0x20,0x3a,0x20,0x70,0x61,0x63,0x6b,0x6f,0x66,0x66,
    0x73,0x65,0x74,0x28,0x63,0x32,0x2e,0x79,0x29,0x3b,0x0a,0x20,0x20,0x20,0x20,0x69,
    0x6e,0x74,0x20,0x5f,0x31,0x36,0x33,0x5f,0x73,0x68,0x61,0x70,0x65,0x5f,0x74,0x79,
    0x70,0x65,0x20,0x3a,0x20,0x70,0x61,0x63,0x6b,0x6f,0x66,0x66,0x73,0x65,0x74,0x28,
    0x63,0x32,0x2e,0x7a,0x29,0x3b,0x0a,0x20,0x20,0x20,0x20,0x66,0x6c,0x6f,0x61,0x74,
    0x20,0x5f,0x31,0x36,0x33,0x5f,0x63,0x6f,0x72,0x6e,0x65,0x72,0x5f,0x72,0x61,0x64,
    0x69,0x75,0x73,0x20,0x3a,0x20,0x70,0x61,0x63,0x6b,0x6f,0x66,0x66,0x73,0x65,0x74,
    0x28,0x63,0x32,0x2e,0x77,0x29,0x3b,0x0a,0x20,0x20,0x20,0x20,0x66,0x6c,0x6f,0x61,
    0x74,0x32,0x20,0x5f,0x31,0x36,0x33,0x5f,0x71,0x75,0x61,0x64,0x5f,0x73,0x6b,0x65,
    0x77,0x20,0x3a,0x20,0x70,0x61,0x63,0x6b,0x6f,0x66,0x66,0x73,0x65,0x74,0x28,0x63,
    0x33,0x29,0x3b,0x0a,0x7d,0x3b,0x0a,0x0a,0x0a,0x73,0x74,0x61,0x74,0x69,0x63,0x20,
    0x66,0x6c,0x6f,0x61,0x74,0x32,0x20,0x75,0x76,0x3b,0x0a,0x73,0x74,0x61,0x74,0x69,
    0x63,0x20,0x66,0x6c,0x6f,0x61,0x74,0x34,0x20,0x66,0x72,0x61,0x67,0x5f,0x63,0x6f,
    0x6c,0x6f,0x72,0x3b,0x0a,0x0a,0x73,0x74,0x72,0x75,0x63,0x74,0x20,0x53,0x50,0x49,
    0x52,0x56,0x5f,0x43,0x72,0x6f,0x73,0x73,0x5f,0x49,0x6e,0x70,0x75,0x74,0x0a,0x7b,
    0x0a,0x20,0x20,0x20,0x20,0x66,0x6c,0x6f,0x61,0x74,0x32,0x20,0x75,0x76,0x20,0x3a,
    0x20,0x54,0x45,0x58,0x43,0x4f,0x4f,0x52,0x44,0x30,0x3b,0x0a,0x7d,0x3b,0x0a,0x0a,
    0x73,0x74,0x72,0x75,0x63,0x74,0x20,0x53,0x50,0x49,0x52,0x56,0x5f,0x43,0x72,0x6f,
    0x73,0x73,0x5f,0x4f,0x75,0x74,0x70,0x75,0x74,0x0a,0x7b,0x0a,0x20,0x20,0x20,0x20,
    0x66,0x6c,0x6f,0x61,0x74,0x34,0x20,0x66,0x72,0x61,0x67,0x5f,0x63,0x6f,0x6c,0x6f,
    0x72,0x20,0x3a,0x20,0x53,0x56,0x5f,0x54,0x61,0x72,0x67,0x65,0x74,0x30,0x3b,0x0a,
    0x7d,0x3b,0x0a,0x0a,0x66,0x6c,0x6f,0x61,0x74,0x20,0x63,0x69,0x72,0x63,0x6c,0x65,
    0x5f,0x73,0x64,0x66,0x28,0x66,0x6c,0x6f,0x61,0x74,0x32,0x20,0x70,0x29,0x0a,0x7b,
    0x0a,0x20,0x20,0x20,0x20,0x72,0x65,0x74,0x75,0x72,0x6e,0x20,0x6c,0x65,0x6e,0x67,
    0x74,0x68,0x28,0x70,0x29,0x20,0x2d,0x20,0x31,0x2e,0x30,0x66,0x3b,0x0a,0x7d,0x0a,
    0x0a,0x66,0x6c,0x6f,0x61,0x74,0x20,0x72,0x6f,0x75,0x6e,0x64,0x65,0x64,0x5f,0x72,
    0x65,0x63,0x74,0x5f,0x73,0x64,0x66,0x28,0x66,0x6c,0x6f,0x61,0x74,0x32,0x20,0x70,
    0x2c,0x20,0x66,0x6c,0x6f,0x61,0x74,0x32,0x20,0x73,0x69,0x7a,0x65,0x2c,0x20,0x66,
    0x6c,0x6f,0x61,0x74,0x20,0x72,0x61,0x64,0x69,0x75,0x73,0x29,0x0a,0x7b,0x0a,0x20,
    0x20,0x20,0x20,0x66,0x6c,0x6f,0x61,0x74,0x32,0x20,0x5f,0x36,0x37,0x20,0x3d,0x20,
    0x28,0x61,0x62,0x73,0x28,0x70,0x29,0x20,0x2d,0x20,0x73,0x69,0x7a,0x65,0x29,0x20,
    0x2b,0x20,0x72,0x61,0x64,0x69,0x75,0x73,0x2e,0x78,0x78,0x3b,0x0a,0x20,0x20,0x20,
    0x20,0x72,0x65,0x74,0x75,0x72,0x6e,0x20,0x28,0x6c,0x65,0x6e,0x67,0x74,0x68,0x28,
    0x6d,0x61,0x78,0x28,0x5f,0x36,0x37,0x2c,0x20,0x30,0x2e,0x30,0x66,0x2e,0x78,0x78,
    0x29,0x29,0x20,0x2b,0x20,0x6d,0x69,0x6e,0x28,0x6d,0x61,0x78,0x28,0x5f,0x36,0x37,
    0x2e,0x78,0x2c,0x20,0x5f,0x36,0x37,0x2e,0x79,0x29,0x2c,0x20,0x30,0x2e,0x30,0x66,
    0x29,0x29,0x20,0x2d,0x20,0x72,0x61,0x64,0x69,0x75,0x73,0x3b,0x0a,0x7d,0x0a,0x0a,
    0x66,0x6c,0x6f,0x61,0x74,0x20,0x72,0x65,0x63,0x74,0x5f,0x73,0x64,0x66,0x28,0x66,
    0x6c,0x6f,0x61,0x74,0x32,0x20,0x70,0x2c,0x20,0x66,0x6c,0x6f,0x61,0x74,0x32,0x20,
    0x73,0x69,0x7a,0x65,0x29,0x0a,0x7b,0x0a,0x20,0x20,0x20,0x20,0x66,0x6c,0x6f,0x61,
    0x74,0x32,0x20,0x5f,0x34,0x32,0x20,0x3d,0x20,0x61,0x62,0x73,0x28,0x70,0x29,0x20,
    0x2d,0x20,0x73,0x69,0x7a,0x65,0x3b,0x0a,0x20,0x20,0x20,0x20,0x72,0x65,0x74,0x75,
    0x72,0x6e,0x20,0x6c,0x65,0x6e,0x67,0x74,0x68,0x28,0x6d,0x61,0x78,0x28,0x5f,0x34,
    0x32,0x2c,0x20,0x30,0x2e,0x30,0x66,0x2e,0x78,0x78,0x29,0x29,0x20,0x2b,0x20,0x6d,
    0x69,0x6e,0x28,0x6d,0x61,0x78,0x28,0x5f,0x34,0x32,0x2e,0x78,0x2c,0x20,0x5f,0x34,
    0x32,0x2e,0x79,0x29,0x2c,0x20,0x30,0x2e,0x30,0x66,0x29,0x3b,0x0a,0x7d,0x0a,0x0a,
    0x66,0x6c,0x6f,0x61,0x74,0x20,0x74,0x72,0x69,0x61,0x6e,0x67,0x6c,0x65,0x5f,0x73,
    0x64,0x66,0x28,0x69,0x6e,0x6f,0x75,0x74,0x20,0x66,0x6c,0x6f,0x61,0x74,0x32,0x20,
    0x70,0x29,0x0a,0x7b,0x0a,0x20,0x20,0x20,0x20,0x70,0x2e,0x78,0x20,0x3d,0x20,0x61,
    0x62,0x73,0x28,0x70,0x2e,0x78,0x29,0x20,0x2d,0x20,0x31,0x2e,0x30,0x66,0x3b,0x0a,
    0x20,0x20,0x20,0x20,0x70,0x2e,0x79,0x20,0x2b,0x3d,0x20,0x30,0x2e,0x35,0x37,0x37,
    0x33,0x35,0x30,0x32,0x35,0x38,0x38,0x32,0x37,0x32,0x30,0x39,0x34,0x37,0x32,0x36,
    0x35,0x36,0x32,0x35,0x66,0x3b,0x0a,0x20,0x20,0x20,0x20,0x69,0x66,0x20,0x28,0x6d,
    0x61,0x64,0x28,0x31,0x2e,0x37,0x33,0x32,0x30,0x35,0x30,0x37,0x37,0x36,0x34,0x38,
    0x31,0x36,0x32,0x38,0x34,0x31,0x37,0x39,0x36,0x38,0x37,0x35,0x66,0x2c,0x20,0x70,
    0x2e,0x79,0x2c,0x20,0x70,0x2e,0x78,0x29,0x20,0x3e,0x20,0x30,0x2e,0x30,0x66,0x29,
    0x0a,0x20,0x20,0x20,0x20,0x7b,0x0a,0x20,0x20,0x20,0x20,0x20,0x20,0x20,0x20,0x70,
    0x20,0x3d,0x20,0x66,0x6c,0x6f,0x61,0x74,0x32,0x28,0x6d,0x61,0x64,0x28,0x2d,0x31,
    0x2e,0x37,0x33,0x32,0x30,0x35,0x30,0x37,0x37,0x36,0x34,0x38,0x31,0x36,0x32,0x38,
    0x34,0x31,0x37,0x39,0x36,0x38,0x37,0x35,0x66,0x2c,0x20,0x70,0x2e,0x79,0x2c,0x20,
    0x70,0x2e,0x78,0x29,0x2c,0x20,0x6d,0x61,0x64,0x28,0x2d,0x31,0x2e,0x37,0x33,0x32,
    0x30,0x35,0x30,0x37,0x37,0x36,0x34,0x38,0x31,0x36,0x32,0x38,0x34,0x31,0x37,0x39,
    0x36,0x38,0x37,0x35,0x66,0x2c,0x20,0x70,0x2e,0x78,0x2c,0x20,0x2d,0x70,0x2e,0x79,
    0x29,0x29,0x20,0x2a,0x20,0x30,0x2e,0x35,0x66,0x2e,0x78,0x78,0x3b,0x0a,0x20,0x20,
    0x20,0x20,0x7d,0x0a,0x20,0x20,0x20,0x20,0x70,0x2e,0x78,0x20,0x2d,0x3d,0x20,0x63,
    0x6c,0x61,0x6d,0x70,0x28,0x70,0x2e,0x78,0x2c,0x20,0x2d,0x32,0x2e,0x30,0x66,0x2c,
    0x20,0x30,0x2e,0x30,0x66,0x29,0x3b,0x0a,0x20,0x20,0x20,0x20,0x72,0x65,0x74,0x75,
    0x72,0x6e,0x20,0x28,0x2d,0x6c,0x65,0x6e,0x67,0x74,0x68,0x28,0x70,0x29,0x29,0x20,
    0x2a,0x20,0x73,0x69,0x67,0x6e,0x28,0x70,0x2e,0x79,0x29,0x3b,0x0a,0x7d,0x0a,0x0a,
    0x66,0x6c,0x6f,0x61,0x74,0x20,0x71,0x75,0x61,0x64,0x5f,0x73,0x64,0x66,0x28,0x66,
    0x6c,0x6f,0x61,0x74,0x32,0x20,0x70,0x2c,0x20,0x66,0x6c,0x6f,0x61,0x74,0x32,0x20,
    0x73,0x6b,0x65,0x77,0x29,0x0a,0x7b,0x0a,0x20,0x20,0x20,0x20,0x66,0x6c,0x6f,0x61,
    0x74,0x32,0x20,0x70,0x61,0x72,0x61,0x6d,0x20,0x3d,0x20,0x70,0x20,0x2b,0x20,0x66,
    0x6c,0x6f,0x61,0x74,0x32,0x28,0x70,0x2e,0x79,0x20,0x2a,0x20,0x73,0x6b,0x65,0x77,
    0x2e,0x78,0x2c,0x20,0x70,0x2e,0x78,0x20,0x2a,0x20,0x73,0x6b,0x65,0x77,0x2e,0x79,
    0x29,0x3b,0x0a,0x20,0x20,0x20,0x20,0x66,0x6c,0x6f,0x61,0x74,0x32,0x20,0x70,0x61,
    0x72,0x61,0x6d,0x5f,0x31,0x20,0x3d,0x20,0x31,0x2e,0x30,0x66,0x2e,0x78,0x78,0x3b,
    0x0a,0x20,0x20,0x20,0x20,0x72,0x65,0x74,0x75,0x72,0x6e,0x20,0x72,0x65,0x63,0x74,
    0x5f,0x73,0x64,0x66,0x28,0x70,0x61,0x72,0x61,0x6d,0x2c,0x20,0x70,0x61,0x72,0x61,
    0x6d,0x5f,0x31,0x29,0x3b,0x0a,0x7d,0x0a,0x0a,0x76,0x6f,0x69,0x64,0x20,0x66,0x72,
    0x61,0x67,0x5f,0x6d,0x61,0x69,0x6e,0x28,0x29,0x0a,0x7b,0x0a,0x20,0x20,0x20,0x20,
    0x66,0x6c,0x6f,0x61,0x74,0x20,0x64,0x69,0x73,0x74,0x3b,0x0a,0x20,0x20,0x20,0x20,
    0x69,0x66,0x20,0x28,0x5f,0x31,0x36,0x33,0x5f,0x73,0x68,0x61,0x70,0x65,0x5f,0x74,
    0x79,0x70,0x65,0x20,0x3d,0x3d,0x20,0x30,0x29,0x0a,0x20,0x20,0x20,0x20,0x7b,0x0a,
    0x20,0x20,0x20,0x20,0x20,0x20,0x20,0x20,0x66,0x6c,0x6f,0x61,0x74,0x32,0x20,0x70,
    0x61,0x72,0x61,0x6d,0x20,0x3d,0x20,0x75,0x76,0x3b,0x0a,0x20,0x20,0x20,0x20,0x20,
    0x20,0x20,0x20,0x64,0x69,0x73,0x74,0x20,0x3d,0x20,0x63,0x69,0x72,0x63,0x6c,0x65,
    0x5f,0x73,0x64,0x66,0x28,0x70,0x61,0x72,0x61,0x6d,0x29,0x3b,0x0a,0x20,0x20,0x20,
    0x20,0x7d,0x0a,0x20,0x20,0x20,0x20,0x65,0x6c,0x73,0x65,0x0a,0x20,0x20,0x20,0x20,
    0x7b,0x0a,0x20,0x20,0x20,0x20,0x20,0x20,0x20,0x20,0x69,0x66,0x20,0x28,0x5f,0x31,
    0x36,0x33,0x5f,0x73,0x68,0x61,0x70,0x65,0x5f,0x74,0x79,0x70,0x65,0x20,0x3d,0x3d,
    0x20,0x31,0x29,0x0a,0x20,0x20,0x20,0x20,0x20,0x20,0x20,0x20,0x7b,0x0a,0x20,0x20,
    0x20,0x20,0x20,0x20,0x20,0x20,0x20,0x20,0x20,0x20,0x69,0x66,0x20,0x28,0x5f,0x31,
    0x36,0x33,0x5f,0x63,0x6f,0x72,0x6e,0x65,0x72,0x5f,0x72,0x61,0x64,0x69,0x75,0x73,
    0x20,0x3e,0x20,0x30,0x2e,0x30,0x66,0x29,0x0a,0x20,0x20,0x20,0x20,0x20,0x20,0x20,
    0x20,0x20,0x20,0x20,0x20,0x7b,0x0a,0x20,0x20,0x20,0x20,0x20,0x20,0x20,0x20,0x20,
    0x20,0x20,0x20,0x20,0x20,0x20,0x20,0x66,0x6c,0x6f,0x61,0x74,0x32,0x20,0x70,0x61,
    0x72,0x61,0x6d,0x5f,0x31,0x20,0x3d,0x20,0x75,0x76,0x3b,0x0a,0x20,0x20,0x20,0x20,
    0x20,0x20,0x20,0x20,0x20,0x20,0x20,0x20,0x20,0x20,0x20,0x20,0x66,0x6c,0x6f,0x61,
    0x74,0x32,0x20,0x70,0x61,0x72,0x61,0x6d,0x5f,0x32,0x20,0x3d,0x20,0x31,0x2e,0x30,
    0x66,0x2e,0x78,0x78,0x3b,0x0a,0x20,0x20,0x20,0x20,0x20,0x20,0x20,0x20,0x20,0x20,
    0x20,0x20,0x20,0x20,0x20,0x20,0x66,0x6c,0x6f,0x61,0x74,0x20,0x70,0x61,0x72,0x61,
    0x6d,0x5f,0x33,0x20,0x3d,0x20,0x5f,0x31,0x36,0x33,0x5f,0x63,0x6f,0x72,0x6e,0x65,
    0x72,0x5f,0x72,0x61,0x64,0x69,0x75,0x73,0x3b,0x0a,0x20,0x20,0x20,0x20,0x20,0x20,
    0x20,0x20,0x20,0x20,0x20,0x20,0x20,0x20,0x20,0x20,0x64,0x69,0x73,0x74,0x20,0x3d,
    0x20,0x72,0x6f,0x75,0x6e,0x64,0x65,0x64,0x5f,0x72,0x65,0x63,0x74,0x5f,0x73,0x64,
    0x66,0x28,0x70,0x61,0x72,0x61,0x6d,0x5f,0x31,0x2c,0x20,0x70,0x61,0x72,0x61,0x6d,
    0x5f,0x32,0x2c,0x20,0x70,0x61,0x72,0x61,0x6d,0x5f,0x33,0x29,0x3b,0x0a,0x20,0x20,
    0x20,0x20,0x20,0x20,0x20,0x20,0x20,0x20,0x20,0x20,0x7d,0x0a,0x20,0x20,0x20,0x20,
    0x20,0x20,0x20,0x20,0x20,0x20,0x20,0x20,0x65,0x6c,0x73,0x65,0x0a,0x20,0x20,0x20,
    0x20,0x20,0x20,0x20,0x20,0x20,0x20,0x20,0x20,0x7b,0x0a,0x20,0x20,0x20,0x20,0x20,
    0x20,0x20,0x20,0x20,0x20,0x20,0x20,0x20,0x20,0x20,0x20,0x66,0x6c,0x6f,0x61,0x74,
    0x32,0x20,0x70,0x61,0x72,0x61,0x6d,0x5f,0x34,0x20,0x3d,0x20,0x75,0x76,0x3b,0x0a,
    0x20,0x20,0x20,0x20,0x20,0x20,0x20,0x20,0x20,0x20,0x20,0x20,0x20,0x20,0x20,0x20,
    0x66,0x6c,0x6f,0x61,0x74,0x32,0x20,0x70,0x61,0x72,0x61,0x6d,0x5f,0x35,0x20,0x3d,
    0x20,0x31,0x2e,0x30,0x66,0x2e,0x78,0x78,0x3b,0x0a,0x20,0x20,0x20,0x20,0x20,0x20,
    0x20,0x20,0x20,0x20,0x20,0x20,0x20,0x20,0x20,0x20,0x64,0x69,0x73,0x74,0x20,0x3d,
    0x20,0x72,0x65,0x63,0x74,0x5f,0x73,0x64,0x66,0x28,0x70,0x61,0x72,0x61,0x6d,0x5f,
    0x34,0x2c,0x20,0x70,0x61,0x72,0x61,0x6d,0x5f,0x35,0x29,0x3b,0x0a,0x20,0x20,0x20,
    0x20,0x20,0x20,0x20,0x20,0x20,0x20,0x20,0x20,0x7d,0x0a,0x20,0x20,0x20,0x20,0x20,
    0x20,0x20,0x20,0x7d,0x0a,0x20,0x20,0x20,0x20,0x20,0x20,0x20,0x20,0x65,0x6c,0x73,
    0x65,0x0a,0x20,0x20,0x20,0x20,0x20,0x20,0x20,0x20,0x7b,0x0a,0x20,0x20,0x20,0x20,
    0x20,0x20,0x20,0x20,0x20,0x20,0x20,0x20,0x69,0x66,0x20,0x28,0x5f,0x31,0x36,0x33,
    0x5f,0x73,0x68,0x61,0x70,0x65,0x5f,0x74,0x79,0x70,0x65,0x20,0x3d,0x3d,0x20,0x32,
    0x29,0x0a,0x20,0x20,0x20,0x20,0x20,0x20,0x20,0x20,0x20,0x20,0x20,0x20,0x7b,0x0a,
    0x20,0x20,0x20,0x20,0x20,0x20,0x20,0x20,0x20,0x20,0x20,0x20,0x20,0x20,0x20,0x20,
    0x66,0x6c,0x6f,0x61,0x74,0x32,0x20,0x70,0x61,0x72,0x61,0x6d,0x5f,0x36,0x20,0x3d,
    0x20,0x75,0x76,0x3b,0x0a,0x20,0x20,0x20,0x20,0x20,0x20,0x20,0x20,0x20,0x20,0x20,
    0x20,0x20,0x20,0x20,0x20,0x66,0x6c,0x6f,0x61,0x74,0x20,0x5f,0x32,0x31,0x33,0x20,
    0x3d,0x20,0x74,0x72,0x69,0x61,0x6e,0x67,0x6c,0x65,0x5f,0x73,0x64,0x66,0x28,0x70,
    0x61,0x72,0x61,0x6d,0x5f,0x36,0x29,0x3b,0x0a,0x20,0x20,0x20,0x20,0x20,0x20,0x20,
    0x20,0x20,0x20,0x20,0x20,0x20,0x20,0x20,0x20,0x64,0x69,0x73,0x74,0x20,0x3d,0x20,
    0x5f,0x32,0x31,0x33,0x3b,0x0a,0x20,0x20,0x20,0x20,0x20,0x20,0x20,0x20,0x20,0x20,
    0x20,0x20,0x7d,0x0a,0x20,0x20,0x20,0x20,0x20,0x20,0x20,0x20,0x20,0x20,0x20,0x20,
    0x65,0x6c,0x73,0x65,0x0a,0x20,0x20,0x20,0x20,0x20,0x20,0x20,0x20,0x20,0x20,0x20,
    0x20,0x7b,0x0a,0x20,0x20,0x20,0x20,0x20,0x20,0x20,0x20,0x20,0x20,0x20,0x20,0x20,
    0x20,0x20,0x20,0x69,0x66,0x20,0x28,0x5f,0x31,0x36,0x33,0x5f,0x73,0x68,0x61,0x70,
    0x65,0x5f,0x74,0x79,0x70,0x65,0x20,0x3d,0x3d,0x20,0x33,0x29,0x0a,0x20,0x20,0x20,
    0x20,0x20,0x20,0x20,0x20,0x20,0x20,0x20,0x20,0x20,0x20,0x20,0x20,0x7b,0x0a,0x20,
    0x20,0x20,0x20,0x20,0x20,0x20,0x20,0x20,0x20,0x20,0x20,0x20,0x20,0x20,0x20,0x20,
    0x20,0x20,0x20,0x66,0x6c,0x6f,0x61,0x74,0x32,0x20,0x70,0x61,0x72,0x61,0x6d,0x5f,
    0x37,0x20,0x3d,0x20,0x75,0x76,0x3b,0x0a,0x20,0x20,0x20,0x20,0x20,0x20,0x20,0x20,
    0x20,0x20,0x20,0x20,0x20,0x20,0x20,0x20,0x20,0x20,0x20,0x20,0x66,0x6c,0x6f,0x61,
    0x74,0x32,0x20,0x70,0x61,0x72,0x61,0x6d,0x5f,0x38,0x20,0x3d,0x20,0x5f,0x31,0x36,
    0x33,0x5f,0x71,0x75,0x61,0x64,0x5f,0x73,0x6b,0x65,0x77,0x3b,0x0a,0x20,0x20,0x20,
    0x20,0x20,0x20,0x20,0x20,0x20,0x20,0x20,0x20,0x20,0x20,0x20,0x20,0x20,0x20,0x20,
    0x20,0x64,0x69,0x73,0x74,0x20,0x3d,0x20,0x71,0x75,0x61,0x64,0x5f,0x73,0x64,0x66,
    0x28,0x70,0x61,0x72,0x61,0x6d,0x5f,0x37,0x2c,0x20,0x70,0x61,0x72,0x61,0x6d,0x5f,
    0x38,0x29,0x3b,0x0a,0x20,0x20,0x20,0x20,0x20,0x20,0x20,0x20,0x20,0x20,0x20,0x20,
    0x20,0x20,0x20,0x20,0x7d,0x0a,0x20,0x20,0x20,0x20,0x20,0x20,0x20,0x20,0x20,0x20,
    0x20,0x20,0x20,0x20,0x20,0x20,0x65,0x6c,0x73,0x65,0x0a,0x20,0x20,0x20,0x20,0x20,
    0x20,0x20,0x20,0x20,0x20,0x20,0x20,0x20,0x20,0x20,0x20,0x7b,0x0a,0x20,0x20,0x20,
    0x20,0x20,0x20,0x20,0x20,0x20,0x20,0x20,0x20,0x20,0x20,0x20,0x20,0x20,0x20,0x20,
    0x20,0x66,0x6c,0x6f,0x61,0x74,0x32,0x20,0x70,0x61,0x72,0x61,0x6d,0x5f,0x39,0x20,
    0x3d,0x20,0x75,0x76,0x3b,0x0a,0x20,0x20,0x20,0x20,0x20,0x20,0x20,0x20,0x20,0x20,
    0x20,0x20,0x20,0x20,0x20,0x20,0x20,0x20,0x20,0x20,0x64,0x69,0x73,0x74,0x20,0x3d,
    0x20,0x63,0x69,0x72,0x63,0x6c,0x65,0x5f,0x73,0x64,0x66,0x28,0x70,0x61,0x72,0x61,
    0x6d,0x5f,0x39,0x29,0x3b,0x0a,0x20,0x20,0x20,0x20,0x20,0x20,0x20,0x20,0x20,0x20,
    0x20,0x20,0x20,0x20,0x20,0x20,0x7d,0x0a,0x20,0x20,0x20,0x20,0x20,0x20,0x20,0x20,
    0x20,0x20,0x20,0x20,0x7d,0x0a,0x20,0x20,0x20,0x20,0x20,0x20,0x20,0x20,0x7d,0x0a,
    0x20,0x20,0x20,0x20,0x7d,0x0a,0x20,0x20,0x20,0x20,0x66,0x6c,0x6f,0x61,0x74,0x20,
    0x5f,0x32,0x33,0x36,0x20,0x3d,0x20,0x2d,0x5f,0x31,0x36,0x33,0x5f,0x73,0x6d,0x6f,
    0x6f,0x74,0x68,0x6e,0x65,0x73,0x73,0x3b,0x0a,0x20,0x20,0x20,0x20,0x66,0x6c,0x6f,
    0x61,0x74,0x20,0x5f,0x32,0x34,0x31,0x20,0x3d,0x20,0x31,0x2e,0x30,0x66,0x20,0x2d,
    0x20,0x73,0x6d,0x6f,0x6f,0x74,0x68,0x73,0x74,0x65,0x70,0x28,0x5f,0x32,0x33,0x36,
    0x2c,0x20,0x5f,0x31,0x36,0x33,0x5f,0x73,0x6d,0x6f,0x6f,0x74,0x68,0x6e,0x65,0x73,
    0x73,0x2c,0x20,0x64,0x69,0x73,0x74,0x29,0x3b,0x0a,0x20,0x20,0x20,0x20,0x66,0x6c,
    0x6f,0x61,0x74,0x20,0x73,0x74,0x72,0x6f,0x6b,0x65,0x5f,0x61,0x6c,0x70,0x68,0x61,
    0x20,0x3d,0x20,0x30,0x2e,0x30,0x66,0x3b,0x0a,0x20,0x20,0x20,0x20,0x69,0x66,0x20,
    0x28,0x5f,0x31,0x36,0x33,0x5f,0x73,0x74,0x72,0x6f,0x6b,0x65,0x5f,0x77,0x69,0x64,
    0x74,0x68,0x20,0x3e,0x20,0x30,0x2e,0x30,0x66,0x29,0x0a,0x20,0x20,0x20,0x20,0x7b,
    0x0a,0x20,0x20,0x20,0x20,0x20,0x20,0x20,0x20,0x66,0x6c,0x6f,0x61,0x74,0x20,0x5f,
    0x32,0x35,0x30,0x20,0x3d,0x20,0x61,0x62,0x73,0x28,0x64,0x69,0x73,0x74,0x29,0x3b,
    0x0a,0x20,0x20,0x20,0x20,0x20,0x20,0x20,0x20,0x73,0x74,0x72,0x6f,0x6b,0x65,0x5f,
    0x61,0x6c,0x70,0x68,0x61,0x20,0x3d,0x20,0x28,0x31,0x2e,0x30,0x66,0x20,0x2d,0x20,
    0x73,0x6d,0x6f,0x6f,0x74,0x68,0x73,0x74,0x65,0x70,0x28,0x5f,0x32,0x33,0x36,0x2c,
    0x20,0x5f,0x31,0x36,0x33,0x5f,0x73,0x6d,0x6f,0x6f,0x74,0x68,0x6e,0x65,0x73,0x73,
    0x2c,0x20,0x6d,0x61,0x64,0x28,0x2d,0x5f,0x31,0x36,0x33,0x5f,0x73,0x74,0x72,0x6f,
    0x6b,0x65,0x5f,0x77,0x69,0x64,0x74,0x68,0x2c,0x20,0x30,0x2e,0x35,0x66,0x2c,0x20,
    0x5f,0x32,0x35,0x30,0x29,0x29,0x29,0x20,0x2a,0x20,0x28,0x31,0x2e,0x30,0x66,0x20,
    0x2d,0x20,0x73,0x6d,0x6f,0x6f,0x74,0x68,0x73,0x74,0x65,0x70,0x28,0x5f,0x32,0x33,
    0x36,0x2c,0x20,0x5f,0x31,0x36,0x33,0x5f,0x73,0x6d,0x6f,0x6f,0x74,0x68,0x6e,0x65,
    0x73,0x73,0x2c,0x20,0x6d,0x61,0x64,0x28,0x5f,0x31,0x36,0x33,0x5f,0x73,0x74,0x72,
    0x6f,0x6b,0x65,0x5f,0x77,0x69,0x64,0x74,0x68,0x2c,0x20,0x30,0x2e,0x35,0x66,0x2c,
    0x20,0x2d,0x5f,0x32,0x35,0x30,0x29,0x29,0x29,0x3b,0x0a,0x20,0x20,0x20,0x20,0x7d,
    0x0a,0x20,0x20,0x20,0x20,0x66,0x6c,0x6f,0x61,0x74,0x34,0x20,0x5f,0x32,0x39,0x31,
    0x20,0x3d,0x20,0x28,0x5f,0x31,0x36,0x33,0x5f,0x66,0x69,0x6c,0x6c,0x5f,0x63,0x6f,
    0x6c,0x6f,0x72,0x20,0x2a,0x20,0x5f,0x32,0x34,0x31,0x29,0x20,0x2b,0x20,0x28,0x5f,
    0x31,0x36,0x33,0x5f,0x73,0x74,0x72,0x6f,0x6b,0x65,0x5f,0x63,0x6f,0x6c,0x6f,0x72,
    0x20,0x2a,0x20,0x73,0x74,0x72,0x6f,0x6b,0x65,0x5f,0x61,0x6c,0x70,0x68,0x61,0x29,
    0x3b,0x0a,0x20,0x20,0x20,0x20,0x5f,0x32,0x39,0x31,0x2e,0x77,0x20,0x3d,0x20,0x63,
    0x6c,0x61,0x6d,0x70,0x28,0x5f,0x32,0x34,0x31,0x20,0x2b,0x20,0x73,0x74,0x72,0x6f,
    0x6b,0x65,0x5f,0x61,0x6c,0x70,0x68,0x61,0x2c,0x20,0x30,0x2e,0x30,0x66,0x2c,0x20,
    0x31,0x2e,0x30,0x66,0x29,0x3b,0x0a,0x20,0x20,0x20,0x20,0x66,0x72,0x61,0x67,0x5f,
    0x63,0x6f,0x6c,0x6f,0x72,0x20,0x3d,0x20,0x5f,0x32,0x39,0x31,0x3b,0x0a,0x7d,0x0a,
    0x0a,0x53,0x50,0x49,0x52,0x56,0x5f,0x43,0x72,0x6f,0x73,0x73,0x5f,0x4f,0x75,0x74,
    0x70,0x75,0x74,0x20,0x6d,0x61,0x69,0x6e,0x28,0x53,0x50,0x49,0x52,0x56,0x5f,0x43,
    0x72,0x6f,0x73,0x73,0x5f,0x49,0x6e,0x70,0x75,0x74,0x20,0x73,0x74,0x61,0x67,0x65,
    0x5f,0x69,0x6e,0x70,0x75,0x74,0x29,0x0a,0x7b,0x0a,0x20,0x20,0x20,0x20,0x75,0x76,
    0x20,0x3d,0x20,0x73,0x74,0x61,0x67,0x65,0x5f,0x69,0x6e,0x70,0x75,0x74,0x2e,0x75,
    0x76,0x3b,0x0a,0x20,0x20,0x20,0x20,0x66,0x72,0x61,0x67,0x5f,0x6d,0x61,0x69,0x6e,
    0x28,0x29,0x3b,0x0a,0x20,0x20,0x20,0x20,0x53,0x50,0x49,0x52,0x56,0x5f,0x43,0x72,
    0x6f,0x73,0x73,0x5f,0x4f,0x75,0x74,0x70,0x75,0x74,0x20,0x73,0x74,0x61,0x67,0x65,
    0x5f,0x6f,0x75,0x74,0x70,0x75,0x74,0x3b,0x0a,0x20,0x20,0x20,0x20,0x73,0x74,0x61,
    0x67,0x65,0x5f,0x6f,0x75,0x74,0x70,0x75,0x74,0x2e,0x66,0x72,0x61,0x67,0x5f,0x63,
    0x6f,0x6c,0x6f,0x72,0x20,0x3d,0x20,0x66,0x72,0x61,0x67,0x5f,0x63,0x6f,0x6c,0x6f,
    0x72,0x3b,0x0a,0x20,0x20,0x20,0x20,0x72,0x65,0x74,0x75,0x72,0x6e,0x20,0x73,0x74,
    0x61,0x67,0x65,0x5f,0x6f,0x75,0x74,0x70,0x75,0x74,0x3b,0x0a,0x7d,0x0a,0x00,
};
/*
    #include <metal_stdlib>
    #include <simd/simd.h>

    using namespace metal;

    struct vs_params
    {
        float4x4 mvp;
        float2 position;
        float2 size;
        float2 screen_size;
    };

    struct main0_out
    {
        float2 uv [[user(locn0)]];
        float4 gl_Position [[position]];
    };

    struct main0_in
    {
        float2 pos [[attribute(0)]];
    };

    vertex main0_out main0(main0_in in [[stage_in]], constant vs_params& _17 [[buffer(0)]])
    {
        main0_out out = {};
        float2 _38 = ((fma(in.pos, _17.size, _17.position) / _17.screen_size) * 2.0) - float2(1.0);
        out.gl_Position = float4(_38.x, -_38.y, 0.0, 1.0);
        out.uv = in.pos;
        return out;
    }

*/
static const uint8_t vs_source_metal_macos[627] = {
    0x23,0x69,0x6e,0x63,0x6c,0x75,0x64,0x65,0x20,0x3c,0x6d,0x65,0x74,0x61,0x6c,0x5f,
    0x73,0x74,0x64,0x6c,0x69,0x62,0x3e,0x0a,0x23,0x69,0x6e,0x63,0x6c,0x75,0x64,0x65,
    0x20,0x3c,0x73,0x69,0x6d,0x64,0x2f,0x73,0x69,0x6d,0x64,0x2e,0x68,0x3e,0x0a,0x0a,
    0x75,0x73,0x69,0x6e,0x67,0x20,0x6e,0x61,0x6d,0x65,0x73,0x70,0x61,0x63,0x65,0x20,
    0x6d,0x65,0x74,0x61,0x6c,0x3b,0x0a,0x0a,0x73,0x74,0x72,0x75,0x63,0x74,0x20,0x76,
    0x73,0x5f,0x70,0x61,0x72,0x61,0x6d,0x73,0x0a,0x7b,0x0a,0x20,0x20,0x20,0x20,0x66,
    0x6c,0x6f,0x61,0x74,0x34,0x78,0x34,0x20,0x6d,0x76,0x70,0x3b,0x0a,0x20,0x20,0x20,
    0x20,0x66,0x6c,0x6f,0x61,0x74,0x32,0x20,0x70,0x6f,0x73,0x69,0x74,0x69,0x6f,0x6e,
    0x3b,0x0a,0x20,0x20,0x20,0x20,0x66,0x6c,0x6f,0x61,0x74,0x32,0x20,0x73,0x69,0x7a,
    0x65,0x3b,0x0a,0x20,0x20,0x20,0x20,0x66,0x6c,0x6f,0x61,0x74,0x32,0x20,0x73,0x63,
    0x72,0x65,0x65,0x6e,0x5f,0x73,0x69,0x7a,0x65,0x3b,0x0a,0x7d,0x3b,0x0a,0x0a,0x73,
    0x74,0x72,0x75,0x63,0x74,0x20,0x6d,0x61,0x69,0x6e,0x30,0x5f,0x6f,0x75,0x74,0x0a,
    0x7b,0x0a,0x20,0x20,0x20,0x20,0x66,0x6c,0x6f,0x61,0x74,0x32,0x20,0x75,0x76,0x20,
    0x5b,0x5b,0x75,0x73,0x65,0x72,0x28,0x6c,0x6f,0x63,0x6e,0x30,0x29,0x5d,0x5d,0x3b,
    0x0a,0x20,0x20,0x20,0x20,0x66,0x6c,0x6f,0x61,0x74,0x34,0x20,0x67,0x6c,0x5f,0x50,
    0x6f,0x73,0x69,0x74,0x69,0x6f,0x6e,0x20,0x5b,0x5b,0x70,0x6f,0x73,0x69,0x74,0x69,
    0x6f,0x6e,0x5d,0x5d,0x3b,0x0a,0x7d,0x3b,0x0a,0x0a,0x73,0x74,0x72,0x75,0x63,0x74,
    0x20,0x6d,0x61,0x69,0x6e,0x30,0x5f,0x69,0x6e,0x0a,0x7b,0x0a,0x20,0x20,0x20,0x20,
    0x66,0x6c,0x6f,0x61,0x74,0x32,0x20,0x70,0x6f,0x73,0x20,0x5b,0x5b,0x61,0x74,0x74,
    0x72,0x69,0x62,0x75,0x74,0x65,0x28,0x30,0x29,0x5d,0x5d,0x3b,0x0a,0x7d,0x3b,0x0a,
    0x0a,0x76,0x65,0x72,0x74,0x65,0x78,0x20,0x6d,0x61,0x69,0x6e,0x30,0x5f,0x6f,0x75,
    0x74,0x20,0x6d,0x61,0x69,0x6e,0x30,0x28,0x6d,0x61,0x69,0x6e,0x30,0x5f,0x69,0x6e,
    0x20,0x69,0x6e,0x20,0x5b,0x5b,0x73,0x74,0x61,0x67,0x65,0x5f,0x69,0x6e,0x5d,0x5d,
    0x2c,0x20,0x63,0x6f,0x6e,0x73,0x74,0x61,0x6e,0x74,0x20,0x76,0x73,0x5f,0x70,0x61,
    0x72,0x61,0x6d,0x73,0x26,0x20,0x5f,0x31,0x37,0x20,0x5b,0x5b,0x62,0x75,0x66,0x66,
    0x65,0x72,0x28,0x30,0x29,0x5d,0x5d,0x29,0x0a,0x7b,0x0a,0x20,0x20,0x20,0x20,0x6d,
    0x61,0x69,0x6e,0x30,0x5f,0x6f,0x75,0x74,0x20,0x6f,0x75,0x74,0x20,0x3d,0x20,0x7b,
    0x7d,0x3b,0x0a,0x20,0x20,0x20,0x20,0x66,0x6c,0x6f,0x61,0x74,0x32,0x20,0x5f,0x33,
    0x38,0x20,0x3d,0x20,0x28,0x28,0x66,0x6d,0x61,0x28,0x69,0x6e,0x2e,0x70,0x6f,0x73,
    0x2c,0x20,0x5f,0x31,0x37,0x2e,0x73,0x69,0x7a,0x65,0x2c,0x20,0x5f,0x31,0x37,0x2e,
    0x70,0x6f,0x73,0x69,0x74,0x69,0x6f,0x6e,0x29,0x20,0x2f,0x20,0x5f,0x31,0x37,0x2e,
    0x73,0x63,0x72,0x65,0x65,0x6e,0x5f,0x73,0x69,0x7a,0x65,0x29,0x20,0x2a,0x20,0x32,
    0x2e,0x30,0x29,0x20,0x2d,0x20,0x66,0x6c,0x6f,0x61,0x74,0x32,0x28,0x31,0x2e,0x30,
    0x29,0x3b,0x0a,0x20,0x20,0x20,0x20,0x6f,0x75,0x74,0x2e,0x67,0x6c,0x5f,0x50,0x6f,
    0x73,0x69,0x74,0x69,0x6f,0x6e,0x20,0x3d,0x20,0x66,0x6c,0x6f,0x61,0x74,0x34,0x28,
    0x5f,0x33,0x38,0x2e,0x78,0x2c,0x20,0x2d,0x5f,0x33,0x38,0x2e,0x79,0x2c,0x20,0x30,
    0x2e,0x30,0x2c,0x20,0x31,0x2e,0x30,0x29,0x3b,0x0a,0x20,0x20,0x20,0x20,0x6f,0x75,
    0x74,0x2e,0x75,0x76,0x20,0x3d,0x20,0x69,0x6e,0x2e,0x70,0x6f,0x73,0x3b,0x0a,0x20,
    0x20,0x20,0x20,0x72,0x65,0x74,0x75,0x72,0x6e,0x20,0x6f,0x75,0x74,0x3b,0x0a,0x7d,
    0x0a,0x0a,0x00,
};
/*
    #pragma clang diagnostic ignored "-Wmissing-prototypes"

    #include <metal_stdlib>
    #include <simd/simd.h>

    using namespace metal;

    struct fs_params
    {
        float4 fill_color;
        float4 stroke_color;
        float smoothness;
        float stroke_width;
        int shape_type;
        float corner_radius;
        float2 quad_skew;
    };

    struct main0_out
    {
        float4 frag_color [[color(0)]];
    };

    struct main0_in
    {
        float2 uv [[user(locn0)]];
    };

    static inline __attribute__((always_inline))
    float circle_sdf(thread const float2& p)
    {
        return length(p) - 1.0;
    }

    static inline __attribute__((always_inline))
    float rounded_rect_sdf(thread const float2& p, thread const float2& size, thread const float& radius)
    {
        float2 _67 = (abs(p) - size) + float2(radius);
        return (length(fast::max(_67, float2(0.0))) + fast::min(fast::max(_67.x, _67.y), 0.0)) - radius;
    }

    static inline __attribute__((always_inline))
    float rect_sdf(thread const float2& p, thread const float2& size)
    {
        float2 _42 = abs(p) - size;
        return length(fast::max(_42, float2(0.0))) + fast::min(fast::max(_42.x, _42.y), 0.0);
    }

    static inline __attribute__((always_inline))
    float triangle_sdf(thread float2& p)
    {
        p.x = abs(p.x) - 1.0;
        p.y += 0.57735025882720947265625;
        if (fma(1.73205077648162841796875, p.y, p.x) > 0.0)
        {
            p = float2(fma(-1.73205077648162841796875, p.y, p.x), fma(-1.73205077648162841796875, p.x, -p.y)) * float2(0.5);
        }
        p.x -= fast::clamp(p.x, -2.0, 0.0);
        return (-length(p)) * sign(p.y);
    }

    static inline __attribute__((always_inline))
    float quad_sdf(thread const float2& p, thread const float2& skew)
    {
        float2 param = p + float2(p.y * skew.x, p.x * skew.y);
        float2 param_1 = float2(1.0);
        return rect_sdf(param, param_1);
    }

    fragment main0_out main0(main0_in in [[stage_in]], constant fs_params& _163 [[buffer(0)]])
    {
        main0_out out = {};
        float dist;
        if (_163.shape_type == 0)
        {
            float2 param = in.uv;
            dist = circle_sdf(param);
        }
        else
        {
            if (_163.shape_type == 1)
            {
                if (_163.corner_radius > 0.0)
                {
                    float2 param_1 = in.uv;
                    float2 param_2 = float2(1.0);
                    float param_3 = _163.corner_radius;
                    dist = rounded_rect_sdf(param_1, param_2, param_3);
                }
                else
                {
                    float2 param_4 = in.uv;
                    float2 param_5 = float2(1.0);
                    dist = rect_sdf(param_4, param_5);
                }
            }
            else
            {
                if (_163.shape_type == 2)
                {
                    float2 param_6 = in.uv;
                    float _213 = triangle_sdf(param_6);
                    dist = _213;
                }
                else
                {
                    if (_163.shape_type == 3)
                    {
                        float2 param_7 = in.uv;
                        float2 param_8 = _163.quad_skew;
                        dist = quad_sdf(param_7, param_8);
                    }
                    else
                    {
                        float2 param_9 = in.uv;
                        dist = circle_sdf(param_9);
                    }
                }
            }
        }
        float _236 = -_163.smoothness;
        float _241 = 1.0 - smoothstep(_236, _163.smoothness, dist);
        float stroke_alpha = 0.0;
        if (_163.stroke_width > 0.0)
        {
            float _250 = abs(dist);
            stroke_alpha = (1.0 - smoothstep(_236, _163.smoothness, fma(-_163.stroke_width, 0.5, _250))) * (1.0 - smoothstep(_236, _163.smoothness, fma(_163.stroke_width, 0.5, -_250)));
        }
        float4 _291 = (_163.fill_color * _241) + (_163.stroke_color * stroke_alpha);
        _291.w = fast::clamp(_241 + stroke_alpha, 0.0, 1.0);
        out.frag_color = _291;
        return out;
    }

*/
static const uint8_t fs_source_metal_macos[3738] = {
    0x23,0x70,0x72,0x61,0x67,0x6d,0x61,0x20,0x63,0x6c,0x61,0x6e,0x67,0x20,0x64,0x69,
    0x61,0x67,0x6e,0x6f,0x73,0x74,0x69,0x63,0x20,0x69,0x67,0x6e,0x6f,0x72,0x65,0x64,
    0x20,0x22,0x2d,0x57,0x6d,0x69,0x73,0x73,0x69,0x6e,0x67,0x2d,0x70,0x72,0x6f,0x74,
    0x6f,0x74,0x79,0x70,0x65,0x73,0x22,0x0a,0x0a,0x23,0x69,0x6e,0x63,0x6c,0x75,0x64,
    0x65,0x20,0x3c,0x6d,0x65,0x74,0x61,0x6c,0x5f,0x73,0x74,0x64,0x6c,0x69,0x62,0x3e,
    0x0a,0x23,0x69,0x6e,0x63,0x6c,0x75,0x64,0x65,0x20,0x3c,0x73,0x69,0x6d,0x64,0x2f,
    0x73,0x69,0x6d,0x64,0x2e,0x68,0x3e,0x0a,0x0a,0x75,0x73,0x69,0x6e,0x67,0x20,0x6e,
    0x61,0x6d,0x65,0x73,0x70,0x61,0x63,0x65,0x20,0x6d,0x65,0x74,0x61,0x6c,0x3b,0x0a,
    0x0a,0x73,0x74,0x72,0x75,0x63,0x74,0x20,0x66,0x73,0x5f,0x70,0x61,0x72,0x61,0x6d,
    0x73,0x0a,0x7b,0x0a,0x20,0x20,0x20,0x20,0x66,0x6c,0x6f,0x61,0x74,0x34,0x20,0x66,
    0x69,0x6c,0x6c,0x5f,0x63,0x6f,0x6c,0x6f,0x72,0x3b,0x0a,0x20,0x20,0x20,0x20,0x66,
    0x6c,0x6f,0x61,0x74,0x34,0x20,0x73,0x74,0x72,0x6f,0x6b,0x65,0x5f,0x63,0x6f,0x6c,
    0x6f,0x72,0x3b,0x0a,0x20,0x20,0x20,0x20,0x66,0x6c,0x6f,0x61,0x74,0x20,0x73,0x6d,
    0x6f,0x6f,0x74,0x68,0x6e,0x65,0x73,0x73,0x3b,0x0a,0x20,0x20,0x20,0x20,0x66,0x6c,
    0x6f,0x61,0x74,0x20,0x73,0x74,0x72,0x6f,0x6b,0x65,0x5f,0x77,0x69,0x64,0x74,0x68,
    0x3b,0x0a,0x20,0x20,0x20,0x20,0x69,0x6e,0x74,0x20,0x73,0x68,0x61,0x70,0x65,0x5f,
    0x74,0x79,0x70,0x65,0x3b,0x0a,0x20,0x20,0x20,0x20,0x66,0x6c,0x6f,0x61,0x74,0x20,
    0x63,0x6f,0x72,0x6e,0x65,0x72,0x5f,0x72,0x61,0x64,0x69,0x75,0x73,0x3b,0x0a,0x20,
    0x20,0x20,0x20,0x66,0x6c,0x6f,0x61,0x74,0x32,0x20,0x71,0x75,0x61,0x64,0x5f,0x73,
    0x6b,0x65,0x77,0x3b,0x0a,0x7d,0x3b,0x0a,0x0a,0x73,0x74,0x72,0x75,0x63,0x74,0x20,
    0x6d,0x61,0x69,0x6e,0x30,0x5f,0x6f,0x75,0x74,0x0a,0x7b,0x0a,0x20,0x20,0x20,0x20,
    0x66,0x6c,0x6f,0x61,0x74,0x34,0x20,0x66,0x72,0x61,0x67,0x5f,0x63,0x6f,0x6c,0x6f,
    0x72,0x20,0x5b,0x5b,0x63,0x6f,0x6c,0x6f,0x72,0x28,0x30,0x29,0x5d,0x5d,0x3b,0x0a,
    0x7d,0x3b,0x0a,0x0a,0x73,0x74,0x72,0x75,0x63,0x74,0x20,0x6d,0x61,0x69,0x6e,0x30,
    0x5f,0x69,0x6e,0x0a,0x7b,0x0a,0x20,0x20,0x20,0x20,0x66,0x6c,0x6f,0x61,0x74,0x32,
    0x20,0x75,0x76,0x20,0x5b,0x5b,0x75,0x73,0x65,0x72,0x28,0x6c,0x6f,0x63,0x6e,0x30,
    0x29,0x5d,0x5d,0x3b,0x0a,0x7d,0x3b,0x0a,0x0a,0x73,0x74,0x61,0x74,0x69,0x63,0x20,
    0x69,0x6e,0x6c,0x69,0x6e,0x65,0x20,0x5f,0x5f,0x61,0x74,0x74,0x72,0x69,0x62,0x75,
    0x74,0x65,0x5f,0x5f,0x28,0x28,0x61,0x6c,0x77,0x61,0x79,0x73,0x5f,0x69,0x6e,0x6c,
    0x69,0x6e,0x65,0x29,0x29,0x0a,0x66,0x6c,0x6f,0x61,0x74,0x20,0x63,0x69,0x72,0x63,
    0x6c,0x65,0x5f,0x73,0x64,0x66,0x28,0x74,0x68,0x72,0x65,0x61,0x64,0x20,0x63,0x6f,
    0x6e,0x73,0x74,0x20,0x66,0x6c,0x6f,0x61,0x74,0x32,0x26,0x20,0x70,0x29,0x0a,0x7b,
    0x0a,0x20,0x20,0x20,0x20,0x72,0x65,0x74,0x75,0x72,0x6e,0x20,0x6c,0x65,0x6e,0x67,
    0x74,0x68,0x28,0x70,0x29,0x20,0x2d,0x20,0x31,0x2e,0x30,0x3b,0x0a,0x7d,0x0a,0x0a,
    0x73,0x74,0x61,0x74,0x69,0x63,0x20,0x69,0x6e,0x6c,0x69,0x6e,0x65,0x20,0x5f,0x5f,
    0x61,0x74,0x74,0x72,0x69,0x62,0x75,0x74,0x65,0x5f,0x5f,0x28,0x28,0x61,0x6c,0x77,
    0x61,0x79,0x73,0x5f,0x69,0x6e,0x6c,0x69,0x6e,0x65,0x29,0x29,0x0a,0x66,0x6c,0x6f,
    0x61,0x74,0x20,0x72,0x6f,0x75,0x6e,0x64,0x65,0x64,0x5f,0x72,0x65,0x63,0x74,0x5f,
    0x73,0x64,0x66,0x28,0x74,0x68,0x72,0x65,0x61,0x64,0x20,0x63,0x6f,0x6e,0x73,0x74,
    0x20,0x66,0x6c,0x6f,0x61,0x74,0x32,0x26,0x20,0x70,0x2c,0x20,0x74,0x68,0x72,0x65,
    0x61,0x64,0x20,0x63,0x6f,0x6e,0x73,0x74,0x20,0x66,0x6c,0x6f,0x61,0x74,0x32,0x26,
    0x20,0x73,0x69,0x7a,0x65,0x2c,0x20,0x74,0x68,0x72,0x65,0x61,0x64,0x20,0x63,0x6f,
    0x6e,0x73,0x74,0x20,0x66,0x6c,0x6f,0x61,0x74,0x26,0x20,0x72,0x61,0x64,0x69,0x75,
    0x73,0x29,0x0a,0x7b,0x0a,0x20,0x20,0x20,0x20,0x66,0x6c,0x6f,0x61,0x74,0x32,0x20,
    0x5f,0x36,0x37,0x20,0x3d,0x20,0x28,0x61,0x62,0x73,0x28,0x70,0x29,0x20,0x2d,0x20,
    0x73,0x69,0x7a,0x65,0x29,0x20,0x2b,0x20,0x66,0x6c,0x6f,0x61,0x74,0x32,0x28,0x72,
    0x61,0x64,0x69,0x75,0x73,0x29,0x3b,0x0a,0x20,0x20,0x20,0x20,0x72,0x65,0x74,0x75,
    0x72,0x6e,0x20,0x28,0x6c,0x65,0x6e,0x67,0x74,0x68,0x28,0x66,0x61,0x73,0x74,0x3a,
    0x3a,0x6d,0x61,0x78,0x28,0x5f,0x36,0x37,0x2c,0x20,0x66,0x6c,0x6f,0x61,0x74,0x32,
    0x28,0x30,0x2e,0x30,0x29,0x29,0x29,0x20,0x2b,0x20,0x66,0x61,0x73,0x74,0x3a,0x3a,
    0x6d,0x69,0x6e,0x28,0x66,0x61,0x73,0x74,0x3a,0x3a,0x6d,0x61,0x78,0x28,0x5f,0x36,
    0x37,0x2e,0x78,0x2c,0x20,0x5f,0x36,0x37,0x2e,0x79,0x29,0x2c,0x20,0x30,0x2e,0x30,
    0x29,0x29,0x20,0x2d,0x20,0x72,0x61,0x64,0x69,0x75,0x73,0x3b,0x0a,0x7d,0x0a,0x0a,
    0x73,0x74,0x61,0x74,0x69,0x63,0x20,0x69,0x6e,0x6c,0x69,0x6e,0x65,0x20,0x5f,0x5f,
    0x61,0x74,0x74,0x72,0x69,0x62,0x75,0x74,0x65,0x5f,0x5f,0x28,0x28,0x61,0x6c,0x77,
    0x61,0x79,0x73,0x5f,0x69,0x6e,0x6c,0x69,0x6e,0x65,0x29,0x29,0x0a,0x66,0x6c,0x6f,
    0x61,0x74,0x20,0x72,0x65,0x63,0x74,0x5f,0x73,0x64,0x66,0x28,0x74,0x68,0x72,0x65,
    0x61,0x64,0x20,0x63,0x6f,0x6e,0x73,0x74,0x20,0x66,0x6c,0x6f,0x61,0x74,0x32,0x26,
    0x20,0x70,0x2c,0x20,0x74,0x68,0x72,0x65,0x61,0x64,0x20,0x63,0x6f,0x6e,0x73,0x74,
    0x20,0x66,0x6c,0x6f,0x61,0x74,0x32,0x26,0x20,0x73,0x69,0x7a,0x65,0x29,0x0a,0x7b,
    0x0a,0x20,0x20,0x20,0x20,0x66,0x6c,0x6f,0x61,0x74,0x32,0x20,0x5f,0x34,0x32,0x20,
    0x3d,0x20,0x61,0x62,0x73,0x28,0x70,0x29,0x20,0x2d,0x20,0x73,0x69,0x7a,0x65,0x3b,
    0x0a,0x20,0x20,0x20,0x20,0x72,0x65,0x74,0x75,0x72,0x6e,0x20,0x6c,0x65,0x6e,0x67,
    0x74,0x68,0x28,0x66,0x61,0x73,0x74,0x3a,0x3a,0x6d,0x61,0x78,0x28,0x5f,0x34,0x32,
    0x2c,0x20,0x66,0x6c,0x6f,0x61,0x74,0x32,0x28,0x30,0x2e,0x30,0x29,0x29,0x29,0x20,
    0x2b,0x20,0x66,0x61,0x73,0x74,0x3a,0x3a,0x6d,0x69,0x6e,0x28,0x66,0x61,0x73,0x74,
    0x3a,0x3a,0x6d,0x61,0x78,0x28,0x5f,0x34,0x32,0x2e,0x78,0x2c,0x20,0x5f,0x34,0x32,
    0x2e,0x79,0x29,0x2c,0x20,0x30,0x2e,0x30,0x29,0x3b,0x0a,0x7d,0x0a,0x0a,0x73,0x74,
    0x61,0x74,0x69,0x63,0x20,0x69,0x6e,0x6c,0x69,0x6e,0x65,0x20,0x5f,0x5f,0x61,0x74,
    0x74,0x72,0x69,0x62,0x75,0x74,0x65,0x5f,0x5f,0x28,0x28,0x61,0x6c,0x77,0x61,0x79,
    0x73,0x5f,0x69,0x6e,0x6c,0x69,0x6e,0x65,0x29,0x29,0x0a,0x66,0x6c,0x6f,0x61,0x74,
    0x20,0x74,0x72,0x69,0x61,0x6e,0x67,0x6c,0x65,0x5f,0x73,0x64,0x66,0x28,0x74,0x68,
    0x72,0x65,0x61,0x64,0x20,0x66,0x6c,0x6f,0x61,0x74,0x32,0x26,0x20,0x70,0x29,0x0a,
    0x7b,0x0a,0x20,0x20,0x20,0x20,0x70,0x2e,0x78,0x20,0x3d,0x20,0x61,0x62,0x73,0x28,
    0x70,0x2e,0x78,0x29,0x20,0x2d,0x20,0x31,0x2e,0x30,0x3b,0x0a,0x20,0x20,0x20,0x20,
    0x70,0x2e,0x79,0x20,0x2b,0x3d,0x20,0x30,0x2e,0x35,0x37,0x37,0x33,0x35,0x30,0x32,
    0x35,0x38,0x38,0x32,0x37,0x32,0x30,0x39,0x34,0x37,0x32,0x36,0x35,0x36,0x32,0x35,
    0x3b,0x0a,0x20,0x20,0x20,0x20,0x69,0x66,0x20,0x28,0x66,0x6d,0x61,0x28,0x31,0x2e,
    0x37,0x33,0x32,0x30,0x35,0x30,0x37,0x37,0x36,0x34,0x38,0x31,0x36,0x32,0x38,0x34,
    0x31,0x37,0x39,0x36,0x38,0x37,0x35,0x2c,0x20,0x70,0x2e,0x79,0x2c,0x20,0x70,0x2e,
    0x78,0x29,0x20,0x3e,0x20,0x30,0x2e,0x30,0x29,0x0a,0x20,0x20,0x20,0x20,0x7b,0x0a,
    0x20,0x20,0x20,0x20,0x20,0x20,0x20,0x20,0x70,0x20,0x3d,0x20,0x66,0x6c,0x6f,0x61,
    0x74,0x32,0x28,0x66,0x6d,0x61,0x28,0x2d,0x31,0x2e,0x37,0x33,0x32,0x30,0x35,0x30,
    0x37,0x37,0x36,0x34,0x38,0x31,0x36,0x32,0x38,0x34,0x31,0x37,0x39,0x36,0x38,0x37,
    0x35,0x2c,0x20,0x70,0x2e,0x79,0x2c,0x20,0x70,0x2e,0x78,0x29,0x2c,0x20,0x66,0x6d,
    0x61,0x28,0x2d,0x31,0x2e,0x37,0x33,0x32,0x30,0x35,0x30,0x37,0x37,0x36,0x34,0x38,
    0x31,0x36,0x32,0x38,0x34,0x31,0x37,0x39,0x36,0x38,0x37,0x35,0x2c,0x20,0x70,0x2e,
    0x78,0x2c,0x20,0x2d,0x70,0x2e,0x79,0x29,0x29,0x20,0x2a,0x20,0x66,0x6c,0x6f,0x61,
    0x74,0x32,0x28,0x30,0x2e,0x35,0x29,0x3b,0x0a,0x20,0x20,0x20,0x20,0x7d,0x0a,0x20,
    0x20,0x20,0x20,0x70,0x2e,0x78,0x20,0x2d,0x3d,0x20,0x66,0x61,0x73,0x74,0x3a,0x3a,
    0x63,0x6c,0x61,0x6d,0x70,0x28,0x70,0x2e,0x78,0x2c,0x20,0x2d,0x32,0x2e,0x30,0x2c,
    0x20,0x30,0x2e,0x30,0x29,0x3b,0x0a,0x20,0x20,0x20,0x20,0x72,0x65,0x74,0x75,0x72,
    0x6e,0x20,0x28,0x2d,0x6c,0x65,0x6e,0x67,0x74,0x68,0x28,0x70,0x29,0x29,0x20,0x2a,
    0x20,0x73,0x69,0x67,0x6e,0x28,0x70,0x2e,0x79,0x29,0x3b,0x0a,0x7d,0x0a,0x0a,0x73,
    0x74,0x61,0x74,0x69,0x63,0x20,0x69,0x6e,0x6c,0x69,0x6e,0x65,0x20,0x5f,0x5f,0x61,
    0x74,0x74,0x72,0x69,0x62,0x75,0x74,0x65,0x5f,0x5f,0x28,0x28,0x61,0x6c,0x77,0x61,
    0x79,0x73,0x5f,0x69,0x6e,0x6c,0x69,0x6e,0x65,0x29,0x29,0x0a,0x66,0x6c,0x6f,0x61,
    0x74,0x20,0x71,0x75,0x61,0x64,0x5f,0x73,0x64,0x66,0x28,0x74,0x68,0x72,0x65,0x61,
    0x64,0x20,0x63,0x6f,0x6e,0x73,0x74,0x20,0x66,0x6c,0x6f,0x61,0x74,0x32,0x26,0x20,
    0x70,0x2c,0x20,0x74,0x68,0x72,0x65,0x61,0x64,0x20,0x63,0x6f,0x6e,0x73,0x74,0x20,
    0x66,0x6c,0x6f,0x61,0x74,0x32,0x26,0x20,0x73,0x6b,0x65,0x77,0x29,0x0a,0x7b,0x0a,
    0x20,0x20,0x20,0x20,0x66,0x6c,0x6f,0x61,0x74,0x32,0x20,0x70,0x61,0x72,0x61,0x6d,
    0x20,0x3d,0x20,0x70,0x20,0x2b,0x20,0x66,0x6c,0x6f,0x61,0x74,0x32,0x28,0x70,0x2e,
    0x79,0x20,0x2a,0x20,0x73,0x6b,0x65,0x77,0x2e,0x78,0x2c,0x20,0x70,0x2e,0x78,0x20,
    0x2a,0x20,0x73,0x6b,0x65,0x77,0x2e,0x79,0x29,0x3b,0x0a,0x20,0x20,0x20,0x20,0x66,
    0x6c,0x6f,0x61,0x74,0x32,0x20,0x70,0x61,0x72,0x61,0x6d,0x5f,0x31,0x20,0x3d,0x20,
    0x66,0x6c,0x6f,0x61,0x74,0x32,0x28,0x31,0x2e,0x30,0x29,0x3b,0x0a,0x20,0x20,0x20,
    0x20,0x72,0x65,0x74,0x75,0x72,0x6e,0x20,0x72,0x65,0x63,0x74,0x5f,0x73,0x64,0x66,
    0x28,0x70,0x61,0x72,0x61,0x6d,0x2c,0x20,0x70,0x61,0x72,0x61,0x6d,0x5f,0x31,0x29,
    0x3b,0x0a,0x7d,0x0a,0x0a,0x66,0x72,0x61,0x67,0x6d,0x65,0x6e,0x74,0x20,0x6d,0x61,
    0x69,0x6e,0x30,0x5f,0x6f,0x75,0x74,0x20,0x6d,0x61,0x69,0x6e,0x30,0x28,0x6d,0x61,
    0x69,0x6e,0x30,0x5f,0x69,0x6e,0x20,0x69,0x6e,0x20,0x5b,0x5b,0x73,0x74,0x61,0x67,
    0x65,0x5f,0x69,0x6e,0x5d,0x5d,0x2c,0x20,0x63,0x6f,0x6e,0x73,0x74,0x61,0x6e,0x74,
    0x20,0x66,0x73,0x5f,0x70,0x61,0x72,0x61,0x6d,0x73,0x26,0x20,0x5f,0x31,0x36,0x33,
    0x20,0x5b,0x5b,0x62,0x75,0x66,0x66,0x65,0x72,0x28,0x30,0x29,0x5d,0x5d,0x29,0x0a,
    0x7b,0x0a,0x20,0x20,0x20,0x20,0x6d,0x61,0x69,0x6e,0x30,0x5f,0x6f,0x75,0x74,0x20,
    0x6f,0x75,0x74,0x20,0x3d,0x20,0x7b,0x7d,0x3b,0x0a,0x20,0x20,0x20,0x20,0x66,0x6c,
    0x6f,0x61,0x74,0x20,0x64,0x69,0x73,0x74,0x3b,0x0a,0x20,0x20,0x20,0x20,0x69,0x66,
    0x20,0x28,0x5f,0x31,0x36,0x33,0x2e,0x73,0x68,0x61,0x70,0x65,0x5f,0x74,0x79,0x70,
    0x65,0x20,0x3d,0x3d,0x20,0x30,0x29,0x0a,0x20,0x20,0x20,0x20,0x7b,0x0a,0x20,0x20,
    0x20,0x20,0x20,0x20,0x20,0x20,0x66,0x6c,0x6f,0x61,0x74,0x32,0x20,0x70,0x61,0x72,
    0x61,0x6d,0x20,0x3d,0x20,0x69,0x6e,0x2e,0x75,0x76,0x3b,0x0a,0x20,0x20,0x20,0x20,
    0x20,0x20,0x20,0x20,0x64,0x69,0x73,0x74,0x20,0x3d,0x20,0x63,0x69,0x72,0x63,0x6c,
    0x65,0x5f,0x73,0x64,0x66,0x28,0x70,0x61,0x72,0x61,0x6d,0x29,0x3b,0x0a,0x20,0x20,
    0x20,0x20,0x7d,0x0a,0x20,0x20,0x20,0x20,0x65,0x6c,0x73,0x65,0x0a,0x20,0x20,0x20,
    0x20,0x7b,0x0a,0x20,0x20,0x20,0x20,0x20,0x20,0x20,0x20,0x69,0x66,0x20,0x28,0x5f,
    0x31,0x36,0x33,0x2e,0x73,0x68,0x61,0x70,0x65,0x5f,0x74,0x79,0x70,0x65,0x20,0x3d,
    0x3d,0x20,0x31,0x29,0x0a,0x20,0x20,0x20,0x20,0x20,0x20,0x20,0x20,0x7b,0x0a,0x20,
    0x20,0x20,0x20,0x20,0x20,0x20,0x20,0x20,0x20,0x20,0x20,0x69,0x66,0x20,0x28,0x5f,
    0x31,0x36,0x33,0x2e,0x63,0x6f,0x72,0x6e,0x65,0x72,0x5f,0x72,0x61,0x64,0x69,0x75,
    0x73,0x20,0x3e,0x20,0x30,0x2e,0x30,0x29,0x0a,0x20,0x20,0x20,0x20,0x20,0x20,0x20,
    0x20,0x20,0x20,0x20,0x20,0x7b,0x0a,0x20,0x20,0x20,0x20,0x20,0x20,0x20,0x20,0x20,
    0x20,0x20,0x20,0x20,0x20,0x20,0x20,0x66,0x6c,0x6f,0x61,0x74,0x32,0x20,0x70,0x61,
    0x72,0x61,0x6d,0x5f,0x31,0x20,0x3d,0x20,0x69,0x6e,0x2e,0x75,0x76,0x3b,0x0a,0x20,
    0x20,0x20,0x20,0x20,0x20,0x20,0x20,0x20,0x20,0x20,0x20,0x20,0x20,0x20,0x20,0x66,
    0x6c,0x6f,0x61,0x74,0x32,0x20,0x70,0x61,0x72,0x61,0x6d,0x5f,0x32,0x20,0x3d,0x20,
    0x66,0x6c,0x6f,0x61,0x74,0x32,0x28,0x31,0x2e,0x30,0x29,0x3b,0x0a,0x20,0x20,0x20,
    0x20,0x20,0x20,0x20,0x20,0x20,0x20,0x20,0x20,0x20,0x20,0x20,0x20,0x66,0x6c,0x6f,
    0x61,0x74,0x20,0x70,0x61,0x72,0x61,0x6d,0x5f,0x33,0x20,0x3d,0x20,0x5f,0x31,0x36,
    0x33,0x2e,0x63,0x6f,0x72,0x6e,0x65,0x72,0x5f,0x72,0x61,0x64,0x69,0x75,0x73,0x3b,
    0x0a,0x20,0x20,0x20,0x20,0x20,0x20,0x20,0x20,0x20,0x20,0x20,0x20,0x20,0x20,0x20,
    0x20,0x64,0x69,0x73,0x74,0x20,0x3d,0x20,0x72,0x6f,0x75,0x6e,0x64,0x65,0x64,0x5f,
    0x72,0x65,0x63,0x74,0x5f,0x73,0x64,0x66,0x28,0x70,0x61,0x72,0x61,0x6d,0x5f,0x31,
    0x2c,0x20,0x70,0x61,0x72,0x61,0x6d,0x5f,0x32,0x2c,0x20,0x70,0x61,0x72,0x61,0x6d,
    0x5f,0x33,0x29,0x3b,0x0a,0x20,0x20,0x20,0x20,0x20,0x20,0x20,0x20,0x20,0x20,0x20,
    0x20,0x7d,0x0a,0x20,0x20,0x20,0x20,0x20,0x20,0x20,0x20,0x20,0x20,0x20,0x20,0x65,
    0x6c,0x73,0x65,0x0a,0x20,0x20,0x20,0x20,0x20,0x20,0x20,0x20,0x20,0x20,0x20,0x20,
    0x7b,0x0a,0x20,0x20,0x20,0x20,0x20,0x20,0x20,0x20,0x20,0x20,0x20,0x20,0x20,0x20,
    0x20,0x20,0x66,0x6c,0x6f,0x61,0x74,0x32,0x20,0x70,0x61,0x72,0x61,0x6d,0x5f,0x34,
    0x20,0x3d,0x20,0x69,0x6e,0x2e,0x75,0x76,0x3b,0x0a,0x20,0x20,0x20,0x20,0x20,0x20,
    0x20,0x20,0x20,0x20,0x20,0x20,0x20,0x20,0x20,0x20,0x66,0x6c,0x6f,0x61,0x74,0x32,
    0x20,0x70,0x61,0x72,0x61,0x6d,0x5f,0x35,0x20,0x3d,0x20,0x66,0x6c,0x6f,0x61,0x74,
    0x32,0x28,0x31,0x2e,0x30,0x29,0x3b,0x0a,0x20,0x20,0x20,0x20,0x20,0x20,0x20,0x20,
    0x20,0x20,0x20,0x20,0x20,0x20,0x20,0x20,0x64,0x69,0x73,0x74,0x20,0x3d,0x20,0x72,
    0x65,0x63,0x74,0x5f,0x73,0x64,0x66,0x28,0x70,0x61,0x72,0x61,0x6d,0x5f,0x34,0x2c,
    0x20,0x70,0x61,0x72,0x61,0x6d,0x5f,0x35,0x29,0x3b,0x0a,0x20,0x20,0x20,0x20,0x20,
    0x20,0x20,0x20,0x20,0x20,0x20,0x20,0x7d,0x0a,0x20,0x20,0x20,0x20,0x20,0x20,0x20,
    0x20,0x7d,0x0a,0x20,0x20,0x20,0x20,0x20,0x20,0x20,0x20,0x65,0x6c,0x73,0x65,0x0a,
    0x20,0x20,0x20,0x20,0x20,0x20,0x20,0x20,0x7b,0x0a,0x20,0x20,0x20,0x20,0x20,0x20,
    0x20,0x20,0x20,0x20,0x20,0x20,0x69,0x66,0x20,0x28,0x5f,0x31,0x36,0x33,0x2e,0x73,
    0x68,0x61,0x70,0x65,0x5f,0x74,0x79,0x70,0x65,0x20,0x3d,0x3d,0x20,0x32,0x29,0x0a,
    0x20,0x20,0x20,0x20,0x20,0x20,0x20,0x20,0x20,0x20,0x20,0x20,0x7b,0x0a,0x20,0x20,
    0x20,0x20,0x20,0x20,0x20,0x20,0x20,0x20,0x20,0x20,0x20,0x20,0x20,0x20,0x66,0x6c,
    0x6f,0x61,0x74,0x32,0x20,0x70,0x61,0x72,0x61,0x6d,0x5f,0x36,0x20,0x3d,0x20,0x69,
    0x6e,0x2e,0x75,0x76,0x3b,0x0a,0x20,0x20,0x20,0x20,0x20,0x20,0x20,0x20,0x20,0x20,
    0x20,0x20,0x20,0x20,0x20,0x20,0x66,0x6c,0x6f,0x61,0x74,0x20,0x5f,0x32,0x31,0x33,
    0x20,0x3d,0x20,0x74,0x72,0x69,0x61,0x6e,0x67,0x6c,0x65,0x5f,0x73,0x64,0x66,0x28,
    0x70,0x61,0x72,0x61,0x6d,0x5f,0x36,0x29,0x3b,0x0a,0x20,0x20,0x20,0x20,0x20,0x20,
    0x20,0x20,0x20,0x20,0x20,0x20,0x20,0x20,0x20,0x20,0x64,0x69,0x73,0x74,0x20,0x3d,
    0x20,0x5f,0x32,0x31,0x33,0x3b,0x0a,0x20,0x20,0x20,0x20,0x20,0x20,0x20,0x20,0x20,
    0x20,0x20,0x20,0x7d,0x0a,0x20,0x20,0x20,0x20,0x20,0x20,0x20,0x20,0x20,0x20,0x20,
    0x20,0x65,0x6c,0x73,0x65,0x0a,0x20,0x20,0x20,0x20,0x20,0x20,0x20,0x20,0x20,0x20,
    0x20,0x20,0x7b,0x0a,0x20,0x20,0x20,0x20,0x20,0x20,0x20,0x20,0x20,0x20,0x20,0x20,
    0x20,0x20,0x20,0x20,0x69,0x66,0x20,0x28,0x5f,0x31,0x36,0x33,0x2e,0x73,0x68,0x61,
    0x70,0x65,0x5f,0x74,0x79,0x70,0x65,0x20,0x3d,0x3d,0x20,0x33,0x29,0x0a,0x20,0x20,
    0x20,0x20,0x20,0x20,0x20,0x20,0x20,0x20,0x20,0x20,0x20,0x20,0x20,0x20,0x7b,0x0a,
    0x20,0x20,0x20,0x20,0x20,0x20,0x20,0x20,0x20,0x20,0x20,0x20,0x20,0x20,0x20,0x20,
    0x20,0x20,0x20,0x20,0x66,0x6c,0x6f,0x61,0x74,0x32,0x20,0x70,0x61,0x72,0x61,0x6d,
    0x5f,0x37,0x20,0x3d,0x20,0x69,0x6e,0x2e,0x75,0x76,0x3b,0x0a,0x20,0x20,0x20,0x20,
    0x20,0x20,0x20,0x20,0x20,0x20,0x20,0x20,0x20,0x20,0x20,0x20,0x20,0x20,0x20,0x20,
    0x66,0x6c,0x6f,0x61,0x74,0x32,0x20,0x70,0x61,0x72,0x61,0x6d,0x5f,0x38,0x20,0x3d,
    0x20,0x5f,0x31,0x36,0x33,0x2e,0x71,0x75,0x61,0x64,0x5f,0x73,0x6b,0x65,0x77,0x3b,
    0x0a,0x20,0x20,0x20,0x20,0x20,0x20,0x20,0x20,0x20,0x20,0x20,0x20,0x20,0x20,0x20,
    0x20,0x20,0x20,0x20,0x20,0x64,0x69,0x73,0x74,0x20,0x3d,0x20,0x71,0x75,0x61,0x64,
    0x5f,0x73,0x64,0x66,0x28,0x70,0x61,0x72,0x61,0x6d,0x5f,0x37,0x2c,0x20,0x70,0x61,
    0x72,0x61,0x6d,0x5f,0x38,0x29,0x3b,0x0a,0x20,0x20,0x20,0x20,0x20,0x20,0x20,0x20,
    0x20,0x20,0x20,0x20,0x20,0x20,0x20,0x20,0x7d,0x0a,0x20,0x20,0x20,0x20,0x20,0x20,
    0x20,0x20,0x20,0x20,0x20,0x20,0x20,0x20,0x20,0x20,0x65,0x6c,0x73,0x65,0x0a,0x20,
    0x20,0x20,0x20,0x20,0x20,0x20,0x20,0x20,0x20,0x20,0x20,0x20,0x20,0x20,0x20,0x7b,
    0x0a,0x20,0x20,0x20,0x20,0x20,0x20,0x20,0x20,0x20,0x20,0x20,0x20,0x20,0x20,0x20,
    0x20,0x20,0x20,0x20,0x20,0x66,0x6c,0x6f,0x61,0x74,0x32,0x20,0x70,0x61,0x72,0x61,
    0x6d,0x5f,0x39,0x20,0x3d,0x20,0x69,0x6e,0x2e,0x75,0x76,0x3b,0x0a,0x20,0x20,0x20,
    0x20,0x20,0x20,0x20,0x20,0x20,0x20,0x20,0x20,0x20,0x20,0x20,0x20,0x20,0x20,0x20,
    0x20,0x64,0x69,0x73,0x74,0x20,0x3d,0x20,0x63,0x69,0x72,0x63,0x6c,0x65,0x5f,0x73,
    0x64,0x66,0x28,0x70,0x61,0x72,0x61,0x6d,0x5f,0x39,0x29,0x3b,0x0a,0x20,0x20,0x20,
    0x20,0x20,0x20,0x20,0x20,0x20,0x20,0x20,0x20,0x20,0x20,0x20,0x20,0x7d,0x0a,0x20,
    0x20,0x20,0x20,0x20,0x20,0x20,0x20,0x20,0x20,0x20,0x20,0x7d,0x0a,0x20,0x20,0x20,
    0x20,0x20,0x20,0x20,0x20,0x7d,0x0a,0x20,0x20,0x20,0x20,0x7d,0x0a,0x20,0x20,0x20,
    0x20,0x66,0x6c,0x6f,0x61,0x74,0x20,0x5f,0x32,0x33,0x36,0x20,0x3d,0x20,0x2d,0x5f,
    0x31,0x36,0x33,0x2e,0x73,0x6d,0x6f,0x6f,0x74,0x68,0x6e,0x65,0x73,0x73,0x3b,0x0a,
    0x20,0x20,0x20,0x20,0x66,0x6c,0x6f,0x61,0x74,0x20,0x5f,0x32,0x34,0x31,0x20,0x3d,
    0x20,0x31,0x2e,0x30,0x20,0x2d,0x20,0x73,0x6d,0x6f,0x6f,0x74,0x68,0x73,0x74,0x65,
    0x70,0x28,0x5f,0x32,0x33,0x36,0x2c,0x20,0x5f,0x31,0x36,0x33,0x2e,0x73,0x6d,0x6f,
    0x6f,0x74,0x68,0x6e,0x65,0x73,0x73,0x2c,0x20,0x64,0x69,0x73,0x74,0x29,0x3b,0x0a,
    0x20,0x20,0x20,0x20,0x66,0x6c,0x6f,0x61,0x74,0x20,0x73,0x74,0x72,0x6f,0x6b,0x65,
    0x5f,0x61,0x6c,0x70,0x68,0x61,0x20,0x3d,0x20,0x30,0x2e,0x30,0x3b,0x0a,0x20,0x20,
    0x20,0x20,0x69,0x66,0x20,0x28,0x5f,0x31,0x36,0x33,0x2e,0x73,0x74,0x72,0x6f,0x6b,
    0x65,0x5f,0x77,0x69,0x64,0x74,0x68,0x20,0x3e,0x20,0x30,0x2e,0x30,0x29,0x0a,0x20,
    0x20,0x20,0x20,0x7b,0x0a,0x20,0x20,0x20,0x20,0x20,0x20,0x20,0x20,0x66,0x6c,0x6f,
    0x61,0x74,0x20,0x5f,0x32,0x35,0x30,0x20,0x3d,0x20,0x61,0x62,0x73,0x28,0x64,0x69,
    0x73,0x74,0x29,0x3b,0x0a,0x20,0x20,0x20,0x20,0x20,0x20,0x20,0x20,0x73,0x74,0x72,
    0x6f,0x6b,0x65,0x5f,0x61,0x6c,0x70,0x68,0x61,0x20,0x3d,0x20,0x28,0x31,0x2e,0x30,
    0x20,0x2d,0x20,0x73,0x6d,0x6f,0x6f,0x74,0x68,0x73,0x74,0x65,0x70,0x28,0x5f,0x32,
    0x33,0x36,0x2c,0x20,0x5f,0x31,0x36,0x33,0x2e,0x73,0x6d,0x6f,0x6f,0x74,0x68,0x6e,
    0x65,0x73,0x73,0x2c,0x20,0x66,0x6d,0x61,0x28,0x2d,0x5f,0x31,0x36,0x33,0x2e,0x73,
    0x74,0x72,0x6f,0x6b,0x65,0x5f,0x77,0x69,0x64,0x74,0x68,0x2c,0x20,0x30,0x2e,0x35,
    0x2c,0x20,0x5f,0x32,0x35,0x30,0x29,0x29,0x29,0x20,0x2a,0x20,0x28,0x31,0x2e,0x30,
    0x20,0x2d,0x20,0x73,0x6d,0x6f,0x6f,0x74,0x68,0x73,0x74,0x65,0x70,0x28,0x5f,0x32,
    0x33,0x36,0x2c,0x20,0x5f,0x31,0x36,0x33,0x2e,0x73,0x6d,0x6f,0x6f,0x74,0x68,0x6e,
    0x65,0x73,0x73,0x2c,0x20,0x66,0x6d,0x61,0x28,0x5f,0x31,0x36,0x33,0x2e,0x73,0x74,
    0x72,0x6f,0x6b,0x65,0x5f,0x77,0x69,0x64,0x74,0x68,0x2c,0x20,0x30,0x2e,0x35,0x2c,
    0x20,0x2d,0x5f,0x32,0x35,0x30,0x29,0x29,0x29,0x3b,0x0a,0x20,0x20,0x20,0x20,0x7d,
    0x0a,0x20,0x20,0x20,0x20,0x66,0x6c,0x6f,0x61,0x74,0x34,0x20,0x5f,0x32,0x39,0x31,
    0x20,0x3d,0x20,0x28,0x5f,0x31,0x36,0x33,0x2e,0x66,0x69,0x6c,0x6c,0x5f,0x63,0x6f,
    0x6c,0x6f,0x72,0x20,0x2a,0x20,0x5f,0x32,0x34,0x31,0x29,0x20,0x2b,0x20,0x28,0x5f,
    0x31,0x36,0x33,0x2e,0x73,0x74,0x72,0x6f,0x6b,0x65,0x5f,0x63,0x6f,0x6c,0x6f,0x72,
    0x20,0x2a,0x20,0x73,0x74,0x72,0x6f,0x6b,0x65,0x5f,0x61,0x6c,0x70,0x68,0x61,0x29,
    0x3b,0x0a,0x20,0x20,0x20,0x20,0x5f,0x32,0x39,0x31,0x2e,0x77,0x20,0x3d,0x20,0x66,
    0x61,0x73,0x74,0x3a,0x3a,0x63,0x6c,0x61,0x6d,0x70,0x28,0x5f,0x32,0x34,0x31,0x20,
    0x2b,0x20,0x73,0x74,0x72,0x6f,0x6b,0x65,0x5f,0x61,0x6c,0x70,0x68,0x61,0x2c,0x20,
    0x30,0x2e,0x30,0x2c,0x20,0x31,0x2e,0x30,0x29,0x3b,0x0a,0x20,0x20,0x20,0x20,0x6f,
    0x75,0x74,0x2e,0x66,0x72,0x61,0x67,0x5f,0x63,0x6f,0x6c,0x6f,0x72,0x20,0x3d,0x20,
    0x5f,0x32,0x39,0x31,0x3b,0x0a,0x20,0x20,0x20,0x20,0x72,0x65,0x74,0x75,0x72,0x6e,
    0x20,0x6f,0x75,0x74,0x3b,0x0a,0x7d,0x0a,0x0a,0x00,
};
static inline const sg_shader_desc* shape_shader_desc(sg_backend backend) {
    if (backend == SG_BACKEND_GLCORE) {
        static sg_shader_desc desc;
        static bool valid;
        if (!valid) {
            valid = true;
            desc.vertex_func.source = (const char*)vs_source_glsl430;
            desc.vertex_func.entry = "main";
            desc.fragment_func.source = (const char*)fs_source_glsl430;
            desc.fragment_func.entry = "main";
            desc.attrs[0].glsl_name = "pos";
            desc.uniform_blocks[0].stage = SG_SHADERSTAGE_VERTEX;
            desc.uniform_blocks[0].layout = SG_UNIFORMLAYOUT_STD140;
            desc.uniform_blocks[0].size = 96;
            desc.uniform_blocks[0].glsl_uniforms[0].type = SG_UNIFORMTYPE_FLOAT4;
            desc.uniform_blocks[0].glsl_uniforms[0].array_count = 6;
            desc.uniform_blocks[0].glsl_uniforms[0].glsl_name = "vs_params";
            desc.uniform_blocks[1].stage = SG_SHADERSTAGE_FRAGMENT;
            desc.uniform_blocks[1].layout = SG_UNIFORMLAYOUT_STD140;
            desc.uniform_blocks[1].size = 64;
            desc.uniform_blocks[1].glsl_uniforms[0].type = SG_UNIFORMTYPE_FLOAT4;
            desc.uniform_blocks[1].glsl_uniforms[0].array_count = 0;
            desc.uniform_blocks[1].glsl_uniforms[0].glsl_name = "_163.fill_color";
            desc.uniform_blocks[1].glsl_uniforms[1].type = SG_UNIFORMTYPE_FLOAT4;
            desc.uniform_blocks[1].glsl_uniforms[1].array_count = 0;
            desc.uniform_blocks[1].glsl_uniforms[1].glsl_name = "_163.stroke_color";
            desc.uniform_blocks[1].glsl_uniforms[2].type = SG_UNIFORMTYPE_FLOAT;
            desc.uniform_blocks[1].glsl_uniforms[2].array_count = 0;
            desc.uniform_blocks[1].glsl_uniforms[2].glsl_name = "_163.smoothness";
            desc.uniform_blocks[1].glsl_uniforms[3].type = SG_UNIFORMTYPE_FLOAT;
            desc.uniform_blocks[1].glsl_uniforms[3].array_count = 0;
            desc.uniform_blocks[1].glsl_uniforms[3].glsl_name = "_163.stroke_width";
            desc.uniform_blocks[1].glsl_uniforms[4].type = SG_UNIFORMTYPE_INT;
            desc.uniform_blocks[1].glsl_uniforms[4].array_count = 0;
            desc.uniform_blocks[1].glsl_uniforms[4].glsl_name = "_163.shape_type";
            desc.uniform_blocks[1].glsl_uniforms[5].type = SG_UNIFORMTYPE_FLOAT;
            desc.uniform_blocks[1].glsl_uniforms[5].array_count = 0;
            desc.uniform_blocks[1].glsl_uniforms[5].glsl_name = "_163.corner_radius";
            desc.uniform_blocks[1].glsl_uniforms[6].type = SG_UNIFORMTYPE_FLOAT2;
            desc.uniform_blocks[1].glsl_uniforms[6].array_count = 0;
            desc.uniform_blocks[1].glsl_uniforms[6].glsl_name = "_163.quad_skew";
            desc.label = "shape_shader";
        }
        return &desc;
    }
    if (backend == SG_BACKEND_GLES3) {
        static sg_shader_desc desc;
        static bool valid;
        if (!valid) {
            valid = true;
            desc.vertex_func.source = (const char*)vs_source_glsl300es;
            desc.vertex_func.entry = "main";
            desc.fragment_func.source = (const char*)fs_source_glsl300es;
            desc.fragment_func.entry = "main";
            desc.attrs[0].glsl_name = "pos";
            desc.uniform_blocks[0].stage = SG_SHADERSTAGE_VERTEX;
            desc.uniform_blocks[0].layout = SG_UNIFORMLAYOUT_STD140;
            desc.uniform_blocks[0].size = 96;
            desc.uniform_blocks[0].glsl_uniforms[0].type = SG_UNIFORMTYPE_FLOAT4;
            desc.uniform_blocks[0].glsl_uniforms[0].array_count = 6;
            desc.uniform_blocks[0].glsl_uniforms[0].glsl_name = "vs_params";
            desc.uniform_blocks[1].stage = SG_SHADERSTAGE_FRAGMENT;
            desc.uniform_blocks[1].layout = SG_UNIFORMLAYOUT_STD140;
            desc.uniform_blocks[1].size = 64;
            desc.uniform_blocks[1].glsl_uniforms[0].type = SG_UNIFORMTYPE_FLOAT4;
            desc.uniform_blocks[1].glsl_uniforms[0].array_count = 0;
            desc.uniform_blocks[1].glsl_uniforms[0].glsl_name = "_163.fill_color";
            desc.uniform_blocks[1].glsl_uniforms[1].type = SG_UNIFORMTYPE_FLOAT4;
            desc.uniform_blocks[1].glsl_uniforms[1].array_count = 0;
            desc.uniform_blocks[1].glsl_uniforms[1].glsl_name = "_163.stroke_color";
            desc.uniform_blocks[1].glsl_uniforms[2].type = SG_UNIFORMTYPE_FLOAT;
            desc.uniform_blocks[1].glsl_uniforms[2].array_count = 0;
            desc.uniform_blocks[1].glsl_uniforms[2].glsl_name = "_163.smoothness";
            desc.uniform_blocks[1].glsl_uniforms[3].type = SG_UNIFORMTYPE_FLOAT;
            desc.uniform_blocks[1].glsl_uniforms[3].array_count = 0;
            desc.uniform_blocks[1].glsl_uniforms[3].glsl_name = "_163.stroke_width";
            desc.uniform_blocks[1].glsl_uniforms[4].type = SG_UNIFORMTYPE_INT;
            desc.uniform_blocks[1].glsl_uniforms[4].array_count = 0;
            desc.uniform_blocks[1].glsl_uniforms[4].glsl_name = "_163.shape_type";
            desc.uniform_blocks[1].glsl_uniforms[5].type = SG_UNIFORMTYPE_FLOAT;
            desc.uniform_blocks[1].glsl_uniforms[5].array_count = 0;
            desc.uniform_blocks[1].glsl_uniforms[5].glsl_name = "_163.corner_radius";
            desc.uniform_blocks[1].glsl_uniforms[6].type = SG_UNIFORMTYPE_FLOAT2;
            desc.uniform_blocks[1].glsl_uniforms[6].array_count = 0;
            desc.uniform_blocks[1].glsl_uniforms[6].glsl_name = "_163.quad_skew";
            desc.label = "shape_shader";
        }
        return &desc;
    }
    if (backend == SG_BACKEND_D3D11) {
        static sg_shader_desc desc;
        static bool valid;
        if (!valid) {
            valid = true;
            desc.vertex_func.source = (const char*)vs_source_hlsl5;
            desc.vertex_func.d3d11_target = "vs_5_0";
            desc.vertex_func.entry = "main";
            desc.fragment_func.source = (const char*)fs_source_hlsl5;
            desc.fragment_func.d3d11_target = "ps_5_0";
            desc.fragment_func.entry = "main";
            desc.attrs[0].hlsl_sem_name = "TEXCOORD";
            desc.attrs[0].hlsl_sem_index = 0;
            desc.uniform_blocks[0].stage = SG_SHADERSTAGE_VERTEX;
            desc.uniform_blocks[0].layout = SG_UNIFORMLAYOUT_STD140;
            desc.uniform_blocks[0].size = 96;
            desc.uniform_blocks[0].hlsl_register_b_n = 0;
            desc.uniform_blocks[1].stage = SG_SHADERSTAGE_FRAGMENT;
            desc.uniform_blocks[1].layout = SG_UNIFORMLAYOUT_STD140;
            desc.uniform_blocks[1].size = 64;
            desc.uniform_blocks[1].hlsl_register_b_n = 0;
            desc.label = "shape_shader";
        }
        return &desc;
    }
    if (backend == SG_BACKEND_METAL_MACOS) {
        static sg_shader_desc desc;
        static bool valid;
        if (!valid) {
            valid = true;
            desc.vertex_func.source = (const char*)vs_source_metal_macos;
            desc.vertex_func.entry = "main0";
            desc.fragment_func.source = (const char*)fs_source_metal_macos;
            desc.fragment_func.entry = "main0";
            desc.uniform_blocks[0].stage = SG_SHADERSTAGE_VERTEX;
            desc.uniform_blocks[0].layout = SG_UNIFORMLAYOUT_STD140;
            desc.uniform_blocks[0].size = 96;
            desc.uniform_blocks[0].msl_buffer_n = 0;
            desc.uniform_blocks[1].stage = SG_SHADERSTAGE_FRAGMENT;
            desc.uniform_blocks[1].layout = SG_UNIFORMLAYOUT_STD140;
            desc.uniform_blocks[1].size = 64;
            desc.uniform_blocks[1].msl_buffer_n = 0;
            desc.label = "shape_shader";
        }
        return &desc;
    }
    return 0;
}
